marker,mean_low,mean_high,var_low,var_high,critical_point,frac_cells_above
panCK,0.24742601450765103,2.8838969558657945,0.02698059915945509,1.499695053096289,0.6890928647509965,0.6061242813735396
CD3,0.1090792658174358,0.2638366623552847,0.00298478052896573,0.032184973503134554,0.19583507767502054,0.32165785976310396
CD20,0.20607995908469895,0.5229734535122482,0.013081793764715487,0.26040093692710153,0.4056280023841995,0.24004138838538436
CD68,0.08706220966258099,0.4643369624819777,0.0027074206448751462,0.22743354608545324,0.20031425685964813,0.26907511579562987
CD31-vWF,0.2604820540762927,0.5578765503438482,0.01443793993978777,0.1185242805873969,0.4396425121538159,0.335074407244467
SMA,0.4748417879373156,1.1879539961341756,0.07240821077310064,0.39191586971189085,0.8530028178464533,0.398625635680987
PDGFRB,0.22133528617089043,0.6378372901957304,0.012675446113657587,0.13904421150410629,0.40879617569831833,0.3797599923521462
FSP1,0.11924812291078121,0.4704112830845671,0.003902940245819944,0.13112072787378534,0.24277492826690109,0.31397720264750706
Podoplanin,0.1947129341751452,0.40926423236986226,0.008145295816921838,0.07939075453928442,0.33306767238223467,0.3081222831842814
