feature,n_images,spearman
enrich_Tumor__Tumor,681,0.7155142527769566
enrich_Tumor__T,26,0.6717948717948717
enrich_Tumor__Macrophage,303,0.5742125624204106
enrich_Tumor__B,181,0.7313095744034971
enrich_Tumor__Stroma,619,0.5174893382990964
enrich_Tumor__Endothelial,359,0.4822129025899587
enrich_T__Macrophage,24,0.31304347826086953
enrich_T__B,25,0.7523076923076923
enrich_Stroma__T,27,0.4328449328449328
tumor_immune_nbr_frac,691,0.6152517903117892
tumor_immune_mixing,631,0.7783181417867039
logoe_Tumor__Tumor,681,0.7871342005093017
logoe_Tumor__T,26,0.588818610076078
logoe_Tumor__Macrophage,303,0.565631157922345
logoe_Tumor__B,181,0.646882399368587
logoe_Tumor__Stroma,619,0.5033199643606496
logoe_Tumor__Endothelial,359,0.5556586939719789
logoe_T__Macrophage,24,0.4782608695652173
logoe_T__B,25,0.8153846153846154
logoe_Stroma__T,27,0.5347985347985348
