feature,mean_coef,sd_coef,selection_freq
enrich_Tumor__T,0.09131496827813317,0.06562132446015378,0.8666666666666667
enrich_T__Macrophage,-0.06887326349097835,0.07364685140661135,0.8
tumor_immune_mixing,0.06411976042795264,0.0703733432618194,0.6
enrich_Tumor__Tumor,-0.017452084226824618,0.033607594351965045,0.3333333333333333
enrich_Tumor__Macrophage,0.011072820774567867,0.018547371112016382,0.3333333333333333
enrich_Tumor__B,0.007640513312001224,0.029591580813856818,0.06666666666666667
tumor_immune_nbr_frac,0.006724825364721124,0.018524004693311193,0.13333333333333333
enrich_Tumor__Endothelial,0.0,0.0,0.0
enrich_Tumor__Stroma,0.0,0.0,0.0
enrich_Stroma__T,0.0,0.0,0.0
enrich_T__B,0.0,0.0,0.0
