clinical,clinical+composition,clinical+composition+spatial,"clinical+composition+spatial (log O/E, sensitivity)",random baseline
0.7102996590705186,0.6882289610622645,0.7185238351576051,0.7350020934266404,0.4930617859919852
0.7354791868344627,0.6928848015488868,0.7207432505109175,0.7277885339356782,0.46625255458750137
0.7359286161212221,0.757855219130009,0.7772518294839359,0.7847329905601349,0.5204439729045948
0.7155435585976413,0.6831196375204858,0.6992833959960153,0.7191426459719142,0.5639320029563932
0.7231849210955422,0.6834148633336098,0.7062709006992233,0.722770361772103,0.4895116491169886
0.7286705855003155,0.763043406064229,0.78818372023513,0.7952575470758195,0.5068579588854571
0.7139957785354766,0.7175677869784055,0.7267954754559723,0.7397845970666234,0.5418899171943498
0.7537045420250491,0.7189678587596197,0.7444695940848046,0.7472461143805643,0.465127508676626
0.7366163195996068,0.7213036613340483,0.7395358536658027,0.74558345994578,0.5004319718771413
0.6866328869586198,0.6721257087706599,0.7024369646519483,0.7104294848594522,0.46254071661237783
0.6986032004339572,0.6733794412801736,0.697789530783835,0.7008746948738812,0.5481421209655547
0.7208156831839228,0.714248185728828,0.7189767838964962,0.7270548057662628,0.4783108396545496
0.771061045430887,0.7575656182615808,0.7853000223064912,0.7964160904156442,0.4840508587999108
0.7018086173703191,0.7312562705062501,0.7403129152091976,0.7574500393177689,0.47558230971555626
0.7106198441422936,0.7322051583031725,0.73168345886726,0.7445955199060941,0.4966252567739411
0.7590874265769983,0.7444170142731478,0.7688771601259896,0.7804545841491445,0.5264322805822763
0.6666666666666666,0.6602235273709515,0.6752905608009317,0.6912001586003519,0.4969395088345352
0.7225618150779228,0.7383115810341979,0.7486921085962882,0.7603116911724214,0.4744479321548543
0.7001836547291093,0.7040002295684115,0.7172865013774105,0.7265266299357208,0.5118227731864096
0.8032265394228585,0.8023825753887103,0.8185477326581622,0.8194890771577888,0.4811893400850456
0.6770482348298575,0.6676380414655617,0.6782320978660109,0.694684758522296,0.4564854445557478
0.742389139535829,0.7292200138194529,0.7537698654635614,0.7651099459415519,0.5225379018818844
0.6945720194451158,0.7007761931619799,0.7158166142937716,0.7344828512341203,0.48322724464856454
0.7740530628617271,0.7331385020915707,0.7504154489714057,0.7738811529425248,0.5323763681164403
0.7292370185484266,0.7492291880781089,0.7558116771888611,0.778422160230999,0.5463221259726913
0.6828153081721112,0.6963473940162808,0.7103023575430806,0.7301511787715403,0.5135849455544984
0.7343094546627945,0.7169248144562762,0.7508067118425298,0.7655292029686995,0.5260567925137142
0.7352670005731231,0.7458822356781539,0.7489721163190551,0.7583663502030848,0.4607909097705016
0.7281908178858547,0.7123779150886983,0.7235067437379575,0.7382233738622018,0.5010298319048568
0.7529636232836007,0.7576240968377593,0.7658815801820399,0.7884645459948079,0.5331706859341278
0.7365707199268977,0.7409764375693492,0.7586645780301547,0.7753736701259709,0.5104431825598851
0.762525697503671,0.7679588839941264,0.7724229074889868,0.7861967694566814,0.49841409691629956
0.6916867055994503,0.7215733424939884,0.7363448986602542,0.7567846100996221,0.5099049582045115
0.7294665048263106,0.720449684989307,0.7401884284145425,0.7555054621120166,0.4617363158198948
0.7258980523326714,0.7356189679802098,0.7537019616041252,0.7549562733005818,0.5306783735758336
0.6762612194367069,0.6576567282231164,0.6853399360363149,0.7009525774613983,0.49461810928849
0.6935560592070287,0.7407034332242088,0.7450404320210414,0.7583312347855284,0.5208595651808948
0.7122369936145714,0.7082591855961478,0.713807180990265,0.7359293764611466,0.5208137059911371
0.7054050516948044,0.7167909959429394,0.7337063211621516,0.7499345635388037,0.5295118439994765
0.6777507181216436,0.6741288872236794,0.6892406644186337,0.7086923941551143,0.4987510927938054
0.702863364821518,0.7379712192107354,0.7414731761866925,0.7528324652011418,0.5147582472558194
0.7336240947992101,0.7104180381830152,0.7290432301953039,0.7522492868114988,0.5348913759052009
0.746540279716854,0.7412986504029196,0.7486222352854729,0.7711318490214808,0.49947338770911415
0.7317671027918378,0.7525546748161589,0.7628370419889854,0.7713367077324674,0.5314360296692452
0.7178874960916404,0.7092180438304766,0.7347716096756772,0.7501208038429835,0.504874790369802
0.7160493827160495,0.749983840734277,0.7569969620580442,0.7768405403658458,0.5456984034645466
0.6902918620288592,0.6885108857630938,0.6987969323592483,0.7220223167230037,0.4893686620870134
0.7270939020602546,0.7696448907754426,0.7754425924008697,0.7814473547986335,0.5197570486937917
0.7025289062016942,0.7126692635874606,0.721171087615161,0.7356396463241204,0.5129227725221047
0.7136885117083137,0.741034103410341,0.766996699669967,0.7826811252553827,0.52006914977212
0.7314804992751318,0.716770976981012,0.7331423924189385,0.7487712598564408,0.4948905625685089
0.7299601519785006,0.7150403113705867,0.728693664473481,0.742254347758935,0.4927871992092176
0.6526936512514823,0.6542960612761594,0.6705765471268789,0.6957664327148031,0.49745216806076337
0.7255202452008388,0.7265688014195838,0.7298757864171641,0.7548529332688068,0.5641770177985697
0.7347738587014087,0.7367863573773965,0.7520124986759876,0.7642198919605973,0.5211577163436077
0.7190153927813164,0.7240246815286624,0.7366971868365181,0.7516918789808917,0.44211119957537154
0.7424455375966268,0.753191613961115,0.7667779339423753,0.7840243616772078,0.4905130007027407
0.708150488561231,0.7418524369551225,0.7571821426481774,0.7785384120297233,0.47682991047919954
0.6678367011352497,0.6917117288049837,0.7060051228536192,0.7197293109445657,0.46741295892230333
0.7272872680742163,0.7384516954574537,0.7514395393474088,0.765067178502879,0.49584133077415227
0.7015687967760506,0.7488845710995969,0.7577720207253886,0.7808002302820957,0.5291810592976397
0.7201827102013195,0.7190830654711554,0.7374386736592794,0.7467151638188688,0.5022274854790504
0.8205968604450579,0.7876200333505836,0.7934851359898799,0.805387844287275,0.5159565292392616
0.7357761001657153,0.7401337997913214,0.7596206960044191,0.7659731172896337,0.5008285766893757
0.7250123823675088,0.7286775631500744,0.7387815750371471,0.7493148423311871,0.5084035000825491
0.7583129868619928,0.750087199162888,0.7632252063713523,0.7788919893035694,0.5155795837693291
0.7115523465703971,0.7285800240673886,0.7434115523465704,0.7451865222623346,0.5176895306859205
0.7559974135143873,0.6997090203685742,0.7255415454251536,0.737051406401552,0.5188813449725186
0.7040297181619963,0.7260491534092438,0.7268028749091496,0.7476109720315486,0.48181646881477297
0.6660801159300279,0.6750163889176415,0.7039298899354794,0.7147638270710416,0.4346685988337991
0.7480609020396437,0.7475821124198028,0.7595518529158287,0.7742347345909542,0.5205719939991701
0.7550398297529693,0.744802001552929,0.7479366174905818,0.7527391942023983,0.49340005176429985
0.6960489014883061,0.6969643278998346,0.7193479801559178,0.7343786912355305,0.5449740137018663
0.7086326555460856,0.6868785259142011,0.7122042290677381,0.7400056820487845,0.48719509720362025
0.7159367396593673,0.6863214720194648,0.7119449513381996,0.7329303527980535,0.529691301703163
0.6998330550918196,0.7200519384158784,0.723502133184938,0.7364496382860323,0.48773882396586904
0.6785279487982191,0.6736929980173224,0.6862847403387944,0.7099029531461966,0.5137570002434867
0.7413366680561344,0.7632902598304848,0.7745449492844241,0.7882173127692095,0.5222175906627762
0.7448154999513191,0.7150228799532665,0.7405640476422289,0.7592899101028786,0.544802518417551
0.7111439995845666,0.6970971594744769,0.7167263852105729,0.7358103546762216,0.49171729760606536
0.6810897435897436,0.6778543783260765,0.6953918722786647,0.7158018867924528,0.5175072568940494
0.7001312335958007,0.7029631164525486,0.7173297416770272,0.7290371598287056,0.5122254455035226
0.7207909245122986,0.7481181085665818,0.7565998727735369,0.776160941475827,0.5274067005937235
0.7104165026375876,0.7261108049234969,0.7343253812035798,0.7397580243025484,0.47815132666719157
0.7119406690250107,0.6983491590641098,0.7148575684230125,0.7383168869856638,0.49816918016508405
0.722831583041618,0.7620770128354725,0.7654220147802411,0.7781019058732012,0.45515363671723064
0.722994458072136,0.6941037521577177,0.7209957299900064,0.7256897126071288,0.5084037430725902
0.7020316027088036,0.7010596940055178,0.7189929771758213,0.7405003762227239,0.5293453724604966
0.6771503893078291,0.7031144626325793,0.7015817546441051,0.7126172521611184,0.489669548157685
0.7567335735117515,0.7571624635443474,0.7721736146851947,0.7834963115457197,0.5628466861096815
0.6928819444444444,0.6998958333333333,0.7188194444444446,0.7257291666666665,0.4913194444444445
0.7048172189955585,0.699834870743651,0.7317503701172988,0.7424553012185401,0.5109611661541965
0.7269928966061562,0.7601946856090502,0.7662983425414365,0.7781110234148908,0.4778216258879242
0.7150611831815255,0.6756217990002146,0.6971509185144295,0.7242616616064034,0.5047382463888123
0.6845862934294701,0.6702364542466336,0.6858233485314389,0.6951542784434314,0.5091365355388259
0.7214033272993707,0.7267764273194839,0.7377812257564003,0.7544751889204955,0.5240640174697584
0.6836495208292588,0.6834865375839364,0.7023599973922682,0.7134754547232545,0.4906773583675599
0.705778684723124,0.6932875738181368,0.6976470951983428,0.7221964567294314,0.4985004483195746
0.6537409331626635,0.6542429033958287,0.6781115879828326,0.6916647842782924,0.4955952112039756
0.7365646258503401,0.749047619047619,0.7629931972789116,0.7622448979591837,0.49823129251700676
0.7425572190672861,0.7746687317157116,0.7849251419721218,0.8063328170710721,0.5092410944759939
0.7031154551007942,0.6919670128283446,0.7138057422113623,0.7334300549786194,0.5087304011402973
0.7164497960769082,0.6873502945555772,0.70084806111219,0.7214345827668803,0.48886515180941276
0.7417587273530711,0.7083222860509647,0.7254087494476359,0.7427308882015025,0.45850640742377374
0.7144209126253326,0.740561694290976,0.7506906077348067,0.769976468180888,0.5083384489461837
0.6652780407751057,0.6706116265858739,0.6818468724357761,0.6964274442971661,0.469387111026952
0.7059425630227526,0.6933087676200502,0.7157103585424344,0.7278177458033572,0.4661636544422998
0.699638329997542,0.7301871554478739,0.7408616875592542,0.75912075564451,0.5146248112644405
0.7603393075221968,0.7388850381225863,0.7621876753473941,0.7694491203749546,0.49915833250816916
0.7187281349607401,0.7142968203374019,0.723781388478582,0.7258804322475316,0.5032781362564461
0.7140405616224649,0.721866874674987,0.7259490379615184,0.7426157046281853,0.47405096203848157
0.7467964803104822,0.7372946568971863,0.7521830773863294,0.7611830439292047,0.5053698685134999
0.7022234224502656,0.7451915864014161,0.7407207369400187,0.7616347105950131,0.5062561886758484
0.7475972410673903,0.7750734961555857,0.7817446856625961,0.8018430574400724,0.5217096336499322
0.7373338703181634,0.7244999328768963,0.7435360451067257,0.7499798630688684,0.477621157202309
0.6994811386902257,0.6953442714906745,0.7152573271630908,0.730402468097041,0.5020684335997757
0.6982547817639769,0.6728971962616823,0.6928951864134257,0.6987237463571501,0.5067497403946003
0.7247485046220771,0.7259719956498097,0.7273994018488308,0.7321574225122349,0.4895323545405112
0.6546882872978791,0.6696211808895608,0.6873711694379553,0.7027392240392102,0.5084970912921992
0.6948662882855244,0.6981387738405685,0.7105639924323772,0.7248044178554993,0.5297335992227847
0.6814001414905725,0.6817692473316724,0.699055704223186,0.7138814555073667,0.5119190427855188
0.6925547632813002,0.691109398085694,0.7087107342455194,0.7017729813066101,0.5180510053317916
0.7909454061251665,0.7986388519011688,0.8014129309069388,0.8082186714010948,0.5024781772451546
0.6754316069057106,0.6576361221779549,0.6701195219123505,0.6837317397078353,0.521215139442231
0.7090827811086567,0.706742400336594,0.7280161985905123,0.7379562427684864,0.5131482065846219
0.7740937574363449,0.7503767748076466,0.7660823352105973,0.7757594986912033,0.5310012955765315
0.6993019509575801,0.7007935087405285,0.7055664936459638,0.7162758785275342,0.49358630153332145
0.7028514257128564,0.7063198265799566,0.7227613806903451,0.7367350341837585,0.5047857261964316
0.7649515287099179,0.7363758389261745,0.7493214019388517,0.7530797912005965,0.4996569724086503
0.6603844446720611,0.6723001809553075,0.6873570282358564,0.7017651678104407,0.5053433029464988
0.7062819414024061,0.7082817509443545,0.7234549090562803,0.732533409516554,0.4769387042503889
0.6973501930615734,0.6948448138650632,0.710289739735314,0.7203702066200961,0.5131900845933918
0.7380175732463486,0.7371065855593759,0.752828469834553,0.7629668811895737,0.5331041170766112
0.7075255730389173,0.7559767017299835,0.7740879190935698,0.7969225419455794,0.5001014228172361
0.749779855043013,0.7365372891688681,0.7410079252184515,0.7442254284359547,0.4972227866964709
0.7571941351828193,0.7454219139745696,0.7517186834580519,0.7647076717162499,0.5001520958812435
0.7611607843137255,0.746164705882353,0.7628549019607842,0.7854745098039215,0.4906039215686275
0.7220211767859537,0.7052673904302372,0.725371934057097,0.7436804717866238,0.49827100924809004
0.6676274865663144,0.7005088786875913,0.713568912138358,0.7241379310344828,0.502152948293655
0.7580932392037143,0.7485848756598613,0.772117280417223,0.7800356166126058,0.5074731285378108
0.6851214292360659,0.7066468161657516,0.724357184950839,0.7454483421730096,0.48652337086318664
0.6866859213954015,0.6648827726809378,0.691471287801563,0.7020897043832823,0.5129969418960245
0.7179638364779874,0.7306652908805032,0.7478380503144654,0.7590900157232706,0.5027761399371069
0.6823009374629169,0.6977275424231637,0.7129168149994068,0.7312804082117005,0.5370535184525929
0.7057513629732012,0.7365814328495738,0.7472932504031329,0.7648775243799432,0.5515242263687322
0.7649387370405277,0.7778196669808356,0.7779767514923028,0.78746465598492,0.5374489475337731
0.7301949095584583,0.7529002659185879,0.7525496040443002,0.7694105958329681,0.49092662400280535
0.729203309230669,0.7507002801120448,0.7628818969448244,0.7795583349618918,0.5213992573773695
0.7015348853109084,0.7335316035962123,0.7438553310771545,0.7571531125012819,0.4621748196766144
0.7294194549985701,0.7228418515340932,0.7226375781345754,0.7365690239816972,0.49229889283817463
0.7362002567394095,0.7242547425474255,0.7392312081015547,0.7471116816431321,0.4937598060191128
0.7604480827229643,0.76288955909809,0.7668246445497631,0.7806979750107712,0.556024701996266
0.7430993013400528,0.7352346046653686,0.7562707593631887,0.7671897071736723,0.523765891650441
0.7762839790081962,0.7422017807653752,0.7656996285158323,0.7668494604634707,0.4741140397429094
0.694798405541397,0.7101548715938052,0.7125726981637587,0.7395281970855389,0.49996732666797356
0.7065535595475715,0.7304723885562209,0.7364271457085828,0.7506320691949435,0.5481703260146373
0.7487255538048011,0.7445855346494886,0.7534216949362005,0.7675719096610746,0.49871782988846663
0.6791977552452012,0.6634462087877049,0.6815254129200944,0.6903896435176328,0.4930170269753204
0.7134758223434895,0.7156283159011672,0.7174473245414582,0.7323025617705018,0.49440654843110504
0.7712555322618216,0.7424877707896576,0.7617633356627067,0.7617342184952248,0.5288259958071279
0.7216880341880341,0.72923344017094,0.7350761217948718,0.7497996794871794,0.4609375
0.7521529888551165,0.7553508105369807,0.76709726443769,0.7826747720364741,0.5364741641337386
0.6610978520286396,0.6469674584233057,0.6762889722316929,0.6988672955260067,0.4949426071144449
0.7448099102947459,0.7217998006549907,0.7468033603872989,0.7671080734728748,0.5328207318809626
0.7198525952642308,0.7343055773352152,0.7493858136009618,0.755475406408447,0.5422612513721186
0.7373128732492434,0.7365362470207012,0.7529257384644225,0.7706810208617872,0.5303821536648724
0.6911818207259396,0.7071334620658775,0.7235048834410769,0.7345870763719811,0.5160216046791481
0.7534219788815019,0.7382675009777083,0.7509777082518577,0.7644700821274931,0.5027375831052014
0.729562527618206,0.7305199587568124,0.7430402121078213,0.7621520106053911,0.5110104580939755
0.7153519347801125,0.683057756344012,0.696233781145941,0.7201745320932368,0.552876334826042
0.7096140350877193,0.7249122807017544,0.7319649122807017,0.749438596491228,0.5116842105263159
0.6598934862761163,0.6550047794619692,0.6721015977058582,0.6826437252492149,0.49168373617369926
0.754657451923077,0.7600410657051282,0.7711838942307692,0.7814252804487181,0.5178786057692307
0.7211222797576742,0.7109012759332588,0.7278911564625851,0.7373337394659356,0.5031982942430703
0.7339827979638406,0.7321104674975133,0.7504241998712772,0.7549002398923411,0.4885027207302089
0.7823334025326968,0.7770050515535257,0.7935090997162826,0.8131617189121859,0.5455331810947339
0.6752349839523154,0.6870414947271893,0.694434892251261,0.718277166437414,0.4894257221458047
0.6723412983283765,0.6893310087854237,0.6945612415820599,0.7267972515639421,0.506033569206577
0.7542965431614715,0.7348559106057636,0.7562569430830557,0.7691302359014572,0.5389792851074953
0.7137622394425422,0.7000660779720068,0.7210007809214874,0.7378806992250856,0.46768186460022826
0.7280910558428412,0.7103887931270348,0.7187611152151906,0.7340556513174095,0.5032969438288325
0.7147545429888799,0.7073230268510985,0.7343368592351505,0.739001898562517,0.5076484947111473
0.6842759091897265,0.6851455014130874,0.6983446690891021,0.728594055716016,0.47517003633653215
0.7720503013444598,0.7598226703755215,0.7756142790913305,0.7848864163189616,0.5520688456189151
0.7054322876817137,0.6946569752614128,0.7151874521805661,0.7264090793165009,0.485303494006631
0.7108159094482,0.7242047896033119,0.7286066132159513,0.7443274118325212,0.5006288319446628
0.7171356421356422,0.7224747474747475,0.7441197691197692,0.7634559884559885,0.4901875901875901
0.6977460918643942,0.7068062827225131,0.7206193605881698,0.7231814637406706,0.5150198655824143
0.754330184108527,0.7638989825581395,0.7726501937984495,0.7753452034883721,0.46690285852713176
0.6815375165680665,0.7088222933436783,0.7183267061067468,0.7333268677464196,0.5240358193515017
0.7243309002433089,0.7356143552311436,0.7489355231143552,0.7601581508515814,0.48093065693430664
0.733935302884194,0.7093597498611963,0.7367990415242103,0.7419713041699542,0.5086350486543351
0.7468586169593077,0.7661646001497878,0.7739868519597238,0.7832237663310311,0.49812765249230256
0.710650258280158,0.7056745670009116,0.713992707383774,0.7324901245821939,0.4808189000303859
0.7650655021834062,0.7787845705967977,0.7902474526928676,0.7973435225618631,0.4922489082969432
0.6989778534923339,0.6696195343554798,0.6842703009653605,0.704855195911414,0.5101930721181147
0.7413346981716854,0.7467087491825186,0.7497796354744235,0.7617788393187181,0.48483039040063697
0.7080153182828527,0.6929648375779974,0.7078278567794114,0.7139337457486409,0.49578211617257173
0.6895708853883759,0.6998611865532017,0.7056249622789547,0.7075864566358864,0.48059629428450723
0.7393254550159579,0.7313321257080423,0.7438684263492338,0.7497340349061216,0.5033209695505908
0.7368261475956582,0.7439512461342551,0.7497422836698805,0.7578982475289552,0.5067006245831059
0.6949718007784574,0.7070723118066037,0.7263483993962984,0.7343712765112399,0.552810654804459
0.7554561603857378,0.7663367592945057,0.7782007359472148,0.8005329272934908,0.5187476208602969
0.726264083539434,0.7044517724649628,0.7279128881560868,0.7310043968123111,0.47918384171475675
0.6676709215359814,0.667855915854013,0.6845318322365813,0.69742857897936,0.47337403208330037
0.7211879432624114,0.6885448328267477,0.7152988855116514,0.7169452887537994,0.4934460486322189
0.6957590657652121,0.680051901932664,0.6913200846821006,0.6972956361401352,0.4676978761182818
0.6975543971576027,0.7252262766150576,0.751056822013019,0.7679919085038512,0.509504914546539
0.7173853336995331,0.7074369068326772,0.7148524520125727,0.7230614300100705,0.4903414812780372
0.7476078591616441,0.7076650662308032,0.7288112507236013,0.739231109749038,0.526134777130793
0.6872061965811965,0.6394764957264957,0.678926282051282,0.6887553418803419,0.5026709401709403
0.7010094783077753,0.7140838920140763,0.7213017903470242,0.732269913436593,0.49482417610644475
0.7067817135937027,0.726158038147139,0.7426279140175597,0.7644262791401756,0.5155616106569785
0.7332793522267207,0.7271794871794871,0.7374628879892038,0.752523616734143,0.4814035087719298
0.6831578088007184,0.6729937137725529,0.6945464935913136,0.6992815740060413,0.48971344599559147
0.764181257787396,0.7536559774411437,0.7661485999081906,0.7761820447242442,0.5237720506262705
0.7090903612642743,0.7313869052999488,0.7539847539847538,0.7698032480641177,0.5431016300581518
0.6838252939764818,0.665826733861291,0.6984041276697864,0.7086333093352533,0.5045596352291817
0.6965373912430871,0.7052731691852477,0.7082672866251013,0.7179541371658037,0.4893796893162845
0.8017957351290684,0.8039655817433595,0.819603441825664,0.8264122708567153,0.48256640478862706
0.7620282937290304,0.7641382172875376,0.7838538964408012,0.7865518314828267,0.5342603161426447
0.7018131384886002,0.7318855287193018,0.7480549353900278,0.761112238684798,0.4809891076381841
0.7574349185271254,0.7419426231775805,0.759011812875204,0.7688051567211662,0.5128779705093093
0.7387119893518993,0.729667929422204,0.7450598955667043,0.7583700215009727,0.4792327906897375
0.7522334723049434,0.727384024882536,0.7559724703858116,0.7610350076103501,0.5044007676527034
0.7586811446668928,0.7539588281868568,0.757125890736342,0.7721977151905893,0.5481563171586925
0.7530602409638555,0.7176224899598393,0.7437429718875502,0.7530923694779116,0.5266827309236949
0.746876223165628,0.7459729623942432,0.7539216571824285,0.754011983259567,0.5269322253334537
0.7734363970069179,0.7403642524354087,0.7511294649159961,0.7635888747705774,0.48048143442044333
0.7388720465810114,0.738487079543814,0.754006063230836,0.7806650305567585,0.49268562629324864
0.7420042643923241,0.750177683013504,0.7706309721235094,0.787017294479981,0.4877596146252863
0.6505006371745857,0.6618969597669762,0.6590933915892956,0.6870198434371018,0.488803932277444
0.679215548940641,0.6743127298196462,0.691122395377342,0.7109087725442129,0.4628786552267554
0.7014625287803614,0.7335668190809742,0.7326588189512598,0.7586016798002401,0.4969354995622142
0.7094017094017094,0.706857180139623,0.7262673713055392,0.732824427480916,0.5007503099106153
0.6976770929162832,0.696948788715118,0.7334023305734437,0.7589696412143514,0.5337319840539712
0.7339478703115067,0.7342127569400296,0.7516422970968426,0.7628205128205128,0.5150720491629582
0.7561472428342791,0.7536010475774771,0.772697512003492,0.772697512003492,0.5365197148261313
0.6827475033419832,0.6649760163560589,0.6735472202563497,0.6772823779193206,0.5132106628921916
0.7374002980103427,0.7704443860110439,0.7776316942764484,0.7987553685686738,0.5337306804569492
0.7554923199314608,0.7263937335536381,0.7313811884217613,0.7528914999082064,0.5211431368949269
0.7724978718229357,0.8015626900158094,0.8046029429648547,0.809984190684665,0.5172078316915968
0.6804750360141948,0.7434032535750678,0.7468816977618496,0.7657496222901514,0.5124907768525351
0.719043321299639,0.7037003610108304,0.7177797833935018,0.7369434416365824,0.5101083032490975
0.7248100729440964,0.7037743273101486,0.7349496050122583,0.7440903175035564,0.51348406428766
0.7131947390750955,0.7417621269975957,0.7553669919389053,0.7689435723377175,0.4477160231933248
0.7074897776004788,0.6608822844985206,0.6714869851401216,0.6985804993185067,0.48831488314883154
0.6584808259587022,0.7007743362831859,0.718141592920354,0.7376843657817109,0.5188790560471976
0.7400581154005811,0.7388681333886814,0.7304552373045524,0.7440431714404316,0.5075965130759651
0.6866289077683381,0.6673885279582431,0.6786051418735077,0.6889333111222168,0.5060525292909102
0.7207712960702953,0.6892577224527431,0.7006210506332547,0.7248121932036993,0.5280015187264394
0.7371912903697209,0.7399970773052754,0.7567441180768668,0.7884553558380828,0.5636416776267719
0.7250536386338856,0.7422883472266188,0.7529809011290493,0.7659948647602969,0.4985754985754986
0.7035842004786104,0.7078056519050309,0.7178349600709849,0.73576940657686,0.49807749186631173
0.7470464730030398,0.7625897026103852,0.782990191470026,0.7927360471310833,0.5436369903794929
0.717311765838629,0.7312728673213943,0.7321715129340779,0.7492136850889017,0.4769561589318955
0.6977745872218234,0.666816223977028,0.693796362766212,0.7071368748504426,0.48480497726728883
0.6939546215928125,0.6830820770519264,0.6917313841936957,0.7064108420892342,0.4980660880158368
0.74434381796345,0.7186678352322523,0.7245755834712889,0.7411951829129743,0.5088453922809751
0.7236661089421826,0.7253021007622235,0.7507715188696783,0.7645287228109314,0.492842535787321
0.7043385395808303,0.7209985315712188,0.7474836470431185,0.7745561340274997,0.5511146709384594
0.733941064235743,0.706133842131298,0.7132004805314113,0.7265564271076249,0.46367747862341885
0.7778015474025742,0.7589046956893785,0.7786215994580526,0.7841123827860378,0.5070060969087603
0.7211555650899211,0.7235153205334478,0.7323107726411383,0.7421430869891665,0.49343916478958844
0.7311792625045636,0.7259948886454911,0.7215407082876962,0.7430083972252647,0.5416940489229646
0.7078617775765806,0.7136562547155575,0.7209295307077109,0.7252753885619435,0.5211407876867361
0.7501962204914568,0.7479019501298074,0.7619090744430356,0.7767916440258408,0.5561794360924953
0.710600736995458,0.7024309423829521,0.7239123603850658,0.7318821949895735,0.5164967006598681
0.7559954320517702,0.7628790762593578,0.7757898743814237,0.7921583555386373,0.5053927166603223
0.7857949412827461,0.7794715447154471,0.7961551490514905,0.8006154019873533,0.4953703703703704
0.7113947014481874,0.7129586187482406,0.7183072159144225,0.7312877295048638,0.47208407619405085
0.734629268004024,0.7226167228830107,0.7505769572164033,0.7674122729155571,0.5258891058642523
0.7074004324475135,0.688463416335356,0.7105740391992746,0.7455185882681175,0.5054055939178349
0.678974831184776,0.6849600982197667,0.6986494782074892,0.7074892572130141,0.502731737262124
0.706301824212272,0.7424267551133222,0.7565782200110558,0.7703980099502488,0.5210060807075733
0.685430463576159,0.6779726746614164,0.6808662967603364,0.7018077680329334,0.5082035678062168
0.7086325195468327,0.6897399074517313,0.7056645923089198,0.735694909845221,0.5221637146960267
0.7173475704116372,0.7116991643454039,0.7181600123800681,0.7445450324976788,0.5532342927886104
0.76463034305632,0.7804378401516541,0.7827921482296828,0.7990888521983734,0.572463768115942
0.6993004618310241,0.6993683781581091,0.7082314588427058,0.7279951100244499,0.5115797337679978
0.7058590395666821,0.7156571327916859,0.7339542462073673,0.7528458506726556,0.4970605720324988
0.7487142899610572,0.7466928267784416,0.7662534558102202,0.7753797675317339,0.5051279764558995
0.7345489049597375,0.720469815869108,0.732548597220085,0.7576806688208443,0.5018977278555675
0.739172196996158,0.7495342880428454,0.7643788566771451,0.7713645360344626,0.5064617534055186
0.6877569114209722,0.698637865720964,0.7073157626071304,0.7175250530614438,0.5237634668601059
0.7162711543916044,0.7176262960511802,0.7207147584381204,0.7263244146103179,0.5196495540638493
0.694404633942434,0.6990923205541621,0.7053923324973127,0.723725068673116,0.46282694374776073
0.7128640268175152,0.7324010056568196,0.7412790697674417,0.7513880159228997,0.5321076890844333
0.7537424703286216,0.7362676686348184,0.7471223236118566,0.7587523110872546,0.5071569153694757
0.6908986685426927,0.722243935485552,0.7437661220980224,0.7487949138851976,0.4898772766356601
0.7532967805426684,0.7735132855335302,0.781498664417264,0.7875158161113455,0.5082524954309012
0.6457074153506207,0.6765451355039969,0.6909404042373432,0.70254110612855,0.4947683109118087
0.7338656677181913,0.7888735541535227,0.7841088328075708,0.8020504731861199,0.5791600946372238
0.7159973000337496,0.7244346945663178,0.7415344808189896,0.7440656991787603,0.5167060411744854
0.6891783244894678,0.7448785978453127,0.7500241196333816,0.7717639491879723,0.5293777134587554
0.6978922084581546,0.713086659649691,0.7211831700537069,0.7415593879038135,0.5491323239683696
0.7027235637887309,0.7302899988973426,0.7370897195574667,0.7507259161245269,0.4657257323482928
0.6828204341751013,0.7003373888150496,0.7302934260300583,0.7449476876938282,0.49391677742562107
0.7406800138073869,0.7398170521228858,0.7666551605108735,0.7833103210217467,0.5628523760211713
0.7234384121424401,0.6996789258610624,0.7234967892586107,0.7337127845884414,0.5025685931115004
0.7218920257553245,0.7218920257553245,0.7311257340975024,0.7432250760631147,0.5507677067855373
0.7111433844664307,0.732050467459381,0.7383437717466945,0.74321503131524,0.5116032797797343
0.7203401089411452,0.7393715955892123,0.7460475621097382,0.7576059519064701,0.5116912448518666
0.6720579174368453,0.7208564386937769,0.7311152187307455,0.7440542205791744,0.5337954405422058
0.7235680040373454,0.7177012364370426,0.7283308099924298,0.7400328034317436,0.470035326772647
0.741234821275868,0.7384641696596544,0.7505729433897725,0.7614845219770823,0.5016589704121771
0.7259217607839986,0.7601681527298042,0.7707981899483225,0.7850965271641632,0.5034407047420141
0.7179772846841829,0.7241976913316623,0.737783554606505,0.7582397177606536,0.5529972456905888
0.7351475386325337,0.7256104119608476,0.7507439675881109,0.7599584095227851,0.5018464737729017
0.6966401414677277,0.7057471264367816,0.7244031830238727,0.730887120542293,0.5154435602711466
0.719632890269866,0.7100811324011738,0.7274584268369871,0.743195811036308,0.5049197307094769
0.7134446585313636,0.6980304003425392,0.7187968315135945,0.7318828944551488,0.5123099978591309
0.7380065274528493,0.7516968489154608,0.7639719261762412,0.7746584640268029,0.5007942697051093
0.724544388178411,0.7347294938917975,0.758246788544617,0.7824507195376649,0.5188968042800332
0.7453065511356177,0.7198700275699094,0.7313903111461205,0.7457004069843771,0.5272745175265853
0.7064556922982018,0.7157089540729774,0.7292804046759817,0.7288177415872429,0.5008482156626878
0.6854057630993201,0.7050472237261625,0.7087769957288095,0.7280575106779764,0.47759128917764543
0.7769742053242416,0.7653338843544443,0.7834487033784482,0.7948135137927471,0.5217136756551985
0.659032556228818,0.6624901578172606,0.6728971962616823,0.6820375885796447,0.5151484029988703
0.7273489932885906,0.7174017257909875,0.7336609140300415,0.7504793863854267,0.47555129434324067
0.768506329113924,0.7364725738396625,0.7518987341772152,0.7627341772151898,0.49849789029535857
0.6687779748332066,0.6884835177209133,0.7098781071418517,0.7178166258480422,0.5128508290403401
0.7417073101166537,0.7403097458714812,0.746384872080089,0.7509198254470779,0.5158438150651721
0.6769037500334109,0.6806457648410981,0.6854569267366958,0.7095661935690801,0.503514821051506
0.7387948696359912,0.7350902304173332,0.7481967949257667,0.7602930032836576,0.5004350144537061
0.6939250072667377,0.6852049220036819,0.6947970157930433,0.7205051190130156,0.535445531763718
0.7153177183184685,0.7239865521936041,0.7338501291989664,0.7397127059542664,0.4873440582367814
0.7131411603215957,0.7321623665854274,0.7455808611367902,0.7675995181667927,0.5425666022354819
0.7487749192560419,0.7352711883283215,0.7478004232097115,0.7638656866020715,0.5349148012028065
0.6946333260217884,0.6797908898150179,0.6979966366893325,0.7187979820135996,0.47155809022446443
0.7249160813517249,0.7267213900877266,0.7353812304307353,0.7583707088657584,0.521057233928521
0.6997824718072013,0.717184727231095,0.7258286106817792,0.7432881103669358,0.49207166981510103
0.7463093145869948,0.7101933216168718,0.729701230228471,0.7553895723491505,0.4700644405389573
0.734094116203448,0.7048591938155715,0.7183262776857476,0.7317013313700227,0.513559114056077
0.7228975368022154,0.7319924209298936,0.7514648010494097,0.7629208570179274,0.49269785745518146
0.7327123581723397,0.7190279055504446,0.7269242563630787,0.7468951241950322,0.4864305427782889
0.7558796134590756,0.7392886249854463,0.7469728722784957,0.765834206543253,0.5088485271859354
0.7604997632317051,0.7371143408734927,0.7568935999708591,0.7754708046479438,0.49058390704112487
0.6998987488247632,0.702538511607724,0.7170029652129891,0.7255369928400954,0.5130903305127649
0.7301052631578947,0.7468631578947368,0.7569403508771929,0.7759999999999999,0.4774736842105263
0.6701178372664242,0.6804402574386718,0.7021422131020117,0.7118738923607872,0.49917607188384167
0.7067063754687846,0.7190050739024928,0.7345025369512465,0.7487866754908449,0.5148632252371498
0.7136462995732279,0.7406752021095729,0.7533048818569793,0.7626730509003852,0.4905450886506367
0.6853180296508846,0.7077083605060649,0.7273596800139125,0.7570105647580542,0.5503673753315074
0.7122602717194644,0.6947925918615744,0.7224908714102437,0.7466364025132406,0.4967926576532123
0.7313099362353768,0.7442134859667621,0.7607822463222372,0.7742882964301853,0.5292714766280061
0.6533725985135325,0.6405272752769596,0.6416771841256487,0.6644509886411443,0.4925536390408077
0.7262373335566535,0.6792005136364905,0.7013650448036177,0.7144292772799599,0.4758116294001061
0.6827725050330745,0.7088366407822835,0.7123238423928675,0.7258052919183204,0.5233318953120506
0.7514108782526464,0.7379274579787073,0.7538818217870108,0.7730087550715353,0.48830115005643515
0.71990171990172,0.7144417144417144,0.7334000667334001,0.7400127400127401,0.5326841993508661
0.7171733682031164,0.7630489266644873,0.7732101994115724,0.7823907595074644,0.51027024081944
0.6984199331510178,0.7058037070799149,0.7273776967487086,0.7464904284412034,0.5142509875417807
0.7238381487945188,0.7679852627496606,0.7621032900265012,0.7724775386206452,0.5091138258677526
0.6878771647920013,0.6801999642920907,0.7094447420103553,0.7264774147473666,0.539046598821639
0.7262426467685262,0.7063050258596865,0.7215839551502231,0.7381657388763868,0.5360258991669627
0.7431422973303943,0.7276206220915992,0.7563066372765124,0.7640215527798188,0.47458976242958606
0.7385273449434769,0.7457684081882064,0.7505652306752215,0.7681332111212956,0.5250840207760464
0.705014461668454,0.7305579929154074,0.7470670436449903,0.7728055636800883,0.5005362191673978
0.7982239763196842,0.7603601381351751,0.767225785232692,0.7900016444663707,0.45428383489557644
0.7205991000067163,0.6953791389616496,0.7144536234804217,0.729968433071395,0.47786956813755116
0.791548561561268,0.7610530088293747,0.792688886716841,0.8025282637734988,0.5349428208386277
0.7124699085219065,0.7207831808698444,0.7182795698924731,0.7434761675493501,0.49638902262879153
0.7158540722237642,0.722546026459432,0.7295463656829186,0.7467542480032071,0.5044870015727635
0.7405234811841789,0.7342801276114027,0.7496826867002847,0.7486878666255018,0.5150080614730198
0.7244791666666667,0.7446180555555556,0.752579365079365,0.7679563492063491,0.5431795634920635
0.6923162894663314,0.7118189438390612,0.7182173791561889,0.7268790164850517,0.5179100307348421
0.6910495571886188,0.6568682871678915,0.6876201243640475,0.7017900885622762,0.49214245336348217
0.7513918218468035,0.7608946054904973,0.7852434888334293,0.7974979202662059,0.5590644397517117
0.7720705736555459,0.7577536444574896,0.7716792225157355,0.7842676841796301,0.5139418843557383
0.7187432597598677,0.7443142329906296,0.7525822608862368,0.7699331368178877,0.49557840247321877
0.6980158348559155,0.7105170368945731,0.7383722793858384,0.751065807609706,0.5398916562489983
0.7198883815322171,0.7296803652968036,0.7408929477422629,0.7468543886352106,0.47237442922374423
0.7043578221339742,0.7151217473090187,0.7202076148674538,0.738182324868499,0.5284425401470024
0.6927951316193507,0.7047706780559976,0.7156296234262904,0.7333835803813192,0.4975574351673506
0.6707745827319492,0.7059324229303136,0.7153695274046111,0.7404981310832316,0.5042004366973836
0.7357469468078949,0.753574115876599,0.7682757423163743,0.7891705735949528,0.49597731087573066
0.7621563672562983,0.7653214896495393,0.7783138065701815,0.7892641090435714,0.5402659723817546
0.7135871001850383,0.7109172614327254,0.7156753899021941,0.7383558022733281,0.5053661115516785
0.6926423067362665,0.6917723092219736,0.7115958240119314,0.7206686552324136,0.4859868257519264
0.6628078454505235,0.6837978665880154,0.7052794573071819,0.7128496288649657,0.4959691294302708
0.6888706590101176,0.6736122504785342,0.6930817610062894,0.7096527208094067,0.48452283292316106
0.7577563118774638,0.7465920375552947,0.7520086666064819,0.7649784839457133,0.5373296018777648
0.714815484804631,0.7032079112397492,0.7250964785335263,0.7568740955137482,0.5094669561022673
0.7120854633634814,0.6865578712806396,0.699141434001835,0.7199174203696422,0.5029820422073666
0.7150703741846893,0.7084334592058589,0.7416943204790784,0.7588206125796239,0.5564328489148263
0.7061219413611913,0.7195535242359231,0.7373068432671083,0.7494014861797718,0.508006093958897
0.726136967763762,0.7172925426513942,0.7301967038809144,0.745541539799913,0.5065487409985018
0.6842384910243272,0.7278834111351474,0.7308436752817943,0.7536149379483091,0.5091654332232722
0.7807456375439222,0.8008159132868798,0.8115954975879935,0.8194568518849383,0.5166160443094515
0.6933840041457936,0.6822709736857258,0.6947947256290666,0.7150342603788795,0.47054759025738474
0.7031333792997779,0.7101815674557573,0.7269976250670345,0.7436604611966597,0.5139431548303072
0.7074406166430706,0.7348749410099104,0.7416076765770018,0.7501651722510618,0.4968381311939594
0.7803181650018498,0.7682574916759156,0.7917499075101739,0.7977432482426933,0.5037735849056605
0.7227280477408354,0.7138959931798806,0.7216709292412617,0.7382779198635977,0.5165217391304348
0.7565653378212546,0.7513761789558572,0.7721678763016725,0.7814592756214719,0.5011395112373339
0.7232026455531178,0.7267321695443415,0.7378612992463989,0.7489586314350217,0.5113994085662501
0.6765091263674315,0.7046347929426822,0.7162446293079805,0.7279154096961941,0.5136666971386781
0.7067997504678728,0.6903029042767034,0.7115131350939211,0.7268316351285783,0.4659665904207389
0.7396275898242853,0.7578547075793338,0.7620508785733019,0.7745869394177812,0.47678992918961444
0.6860008722197994,0.685601104811746,0.6873818869021661,0.703227213257741,0.5375781363570287
0.7026450796188953,0.6768272369911387,0.691684989006596,0.6966486774601904,0.5118262375907788
0.7528182852414934,0.764298272830696,0.7637553004447203,0.778674113145103,0.5276915916847656
0.7583866414391688,0.7707901612757905,0.778538607081719,0.7811814878217257,0.5120881761119621
0.7809882283479094,0.7871508173733348,0.7834975460349091,0.7934241115908337,0.5226761135097236
0.702534151653138,0.7130931168745462,0.7203854022305815,0.7259288589718208,0.5100640137266548
0.67317753749564,0.7070398790838275,0.7255551680037206,0.7405243576328333,0.5006975933031043
0.701772016212776,0.7252537433423777,0.7312497906408066,0.7495394097745619,0.5033664958295648
0.7081966217037308,0.7030927208652328,0.7114473204520597,0.7298274395430794,0.4936505043140114
0.7309514278089138,0.7336535895382973,0.7464971977582066,0.7642447291166267,0.48952495329597007
0.6858936629389837,0.7213767201995571,0.7371843381260685,0.7450601193979652,0.5323299419826788
0.6971622562674096,0.6945508356545961,0.7084203806870937,0.7287894614670382,0.5235027855153204
0.72305123656475,0.7281296740756201,0.7430171484225537,0.7570350273052976,0.523531253260983
0.7425549495951081,0.7420591637745826,0.7594447198810114,0.7725334655428854,0.49185258634936374
0.7371900414109663,0.7026143790849674,0.7161353090854662,0.7255899815396897,0.48533153719503064
0.7249360785896918,0.756237383932176,0.7642040102274258,0.772816579195263,0.4652132956533441
0.6941627225602884,0.7181171319102354,0.7296435815705592,0.7591036414565826,0.5379761099842235
0.6994970662196144,0.7217937971500419,0.733752444816988,0.7509918971779826,0.46440346465493154
0.7126385644904163,0.7351054758462165,0.7319912505097691,0.7454491528565602,0.4860786712638565
0.7059132720105125,0.7145860709592641,0.7263542122937655,0.7300335815447511,0.49516717769017377
0.7354240602592887,0.7492093382583714,0.7539653798797712,0.7602423891262885,0.48902730499022234
0.7264162754303599,0.7392175273865416,0.7422848200312989,0.7588106416275431,0.472018779342723
0.7993416464418223,0.7265043099840991,0.7478171116132453,0.7583340307417635,0.5002371188662929
0.6930611403237448,0.6759803416159742,0.6983881499810978,0.7218613602776918,0.4810117881568547
0.7377075818140456,0.7340677911020116,0.757433947548016,0.7715056384257905,0.48220727308179784
0.746014634783745,0.740232588527375,0.7611067555207108,0.7743368613615575,0.5301515745459298
0.7070448365269083,0.7222222222222222,0.7378422816669828,0.752988047808765,0.5282046417504584
0.6643346759946294,0.7030951876192496,0.7057098438272913,0.7203377853155254,0.5338491979365416
0.6740397505391386,0.6578655942181034,0.6572827417380661,0.679110567115463,0.48417555516698724
0.6680561203741359,0.6482987664362206,0.6541276941846279,0.6647349871221364,0.46082418327233293
0.7227689690784277,0.7484964461454346,0.7525970475669764,0.7826681246582833,0.49529190207156315
0.6805967688757005,0.6995274205956697,0.7117265633586108,0.7249423013517968,0.5004945598417408
0.6725909119556311,0.7073170731707318,0.7279889077960547,0.7370643473876598,0.5082246171298922
0.7011052828774821,0.6956413138503809,0.7215561383789185,0.7409142000749344,0.5100537030098664
0.7265376984126984,0.709920634920635,0.7270089285714286,0.7430555555555557,0.507390873015873
0.7913186201236848,0.7994958820598493,0.8119522846507811,0.8223863536445969,0.5145813183270319
0.6542481517899413,0.6817072726610583,0.7067263920754581,0.7291234203721912,0.48752685822499003
0.7119537079336075,0.7560529922338968,0.7739302573473429,0.789584285061672,0.49566011877569666
0.6990646604310696,0.7111562965975328,0.7339297817541007,0.7635624237494917,0.5547241426053952
0.7224734761213982,0.7344198879312797,0.7438632420286145,0.7572318457206246,0.5266092101146286
0.7338663113479903,0.7142349544747946,0.7479458139018433,0.761536753275594,0.4952698201199201
0.7586057312000817,0.7387532215672765,0.7594222868662124,0.7723085559723392,0.5035851897216056
0.707697524584605,0.7320200992632325,0.7440118376028854,0.7555411695798268,0.49711766700576465
0.732921953763254,0.7335882727852135,0.7477547945999188,0.7413523379106554,0.4867605307375862
0.7435647108594488,0.754824432946077,0.7750984412118845,0.7944287155455759,0.5304435549480947
0.7189694641679276,0.7174562526675202,0.7164474450005821,0.7250223101695573,0.47022077367788
0.682222577380001,0.6628043258217463,0.7008949976026849,0.7171434659847638,0.45924564487773695
0.7304756986285649,0.7305904630745395,0.7487232455385322,0.7552935100705801,0.5231250358638894
0.6786934536012027,0.6882260489271559,0.7020295202952029,0.7039770397703977,0.45811124777914447
0.6973152191492803,0.7222761334842849,0.7423311229715889,0.753463798587525,0.4797563210954769
0.7514625649115888,0.7445934398212056,0.7549135607703938,0.7608295536712023,0.47446263064484323
0.751507321274763,0.7514765596160945,0.7632890365448505,0.7816229851113573,0.4854189737910668
0.7617292333559673,0.7548097131955896,0.7826171306625279,0.7867235748698548,0.4932583179745853
0.7007486566443277,0.6906055666244039,0.712763388275071,0.7300911670591077,0.5093883958220129
0.7020446596717783,0.7105192359429647,0.7240718321226796,0.7311003497444175,0.46260425073984396
0.7576865312136927,0.7557029102553203,0.7649409164328828,0.7851455127660177,0.4868372580690867
0.7286777332570121,0.7482032690962285,0.7618457037461045,0.770940660179355,0.5069007186923615
0.673636124044628,0.6738703915195173,0.6966236200181557,0.7086005446718792,0.4956514099973645
0.7190979799675451,0.6904482121873426,0.7090257959823177,0.7190979799675451,0.49535560405125617
0.7123445849781144,0.7244823974865061,0.7485700475308145,0.7621579526840141,0.4800343725663954
0.7291666666666666,0.7044871794871795,0.7315705128205128,0.7315384615384616,0.527724358974359
0.738072458221712,0.7389016456180636,0.7554216098992218,0.7662010460517923,0.4926648807245822
0.707068854863849,0.6911463586076221,0.7127532777115615,0.7296231777757404,0.5078084410623147
0.7413493653974617,0.7523714094856379,0.7754509018036072,0.7900467601870407,0.4794255177020708
0.7217703140033237,0.7222951106446253,0.7439867051517538,0.7592641184874195,0.5373626053237703
0.744759433020563,0.7123511013509017,0.7321487988287748,0.7445930658148665,0.500232914087975
0.6752255736014438,0.6597061098221192,0.6708430007733952,0.6904098994586234,0.5145913895333849
0.7114882865068249,0.691686578231853,0.7262365768586417,0.7417264013622257,0.5127296696053391
0.7001402600204996,0.6998705292118466,0.7095808383233533,0.7199654744564925,0.4773156389922857
0.7176550230165177,0.7264554562686163,0.7421608448415921,0.7548063904684539,0.5433252098564852
0.7397798742138365,0.7780902273826803,0.7962324625060474,0.8032172230285438,0.5286647314949202
0.7338837289301686,0.747609219126247,0.7572755417956656,0.7770553835569315,0.46835225318197454
0.7070038129640778,0.7376078667469396,0.7407184427051976,0.7532276406448591,0.5556558967154993
0.697265842521439,0.6728755986189999,0.6981846530794075,0.7035026172179529,0.4711827597728033
0.7200217906812793,0.7548227904890085,0.7764852912901365,0.7980516567326795,0.49278984810613347
0.7357511451266886,0.7576390096828435,0.7693511915115673,0.7890357743375659,0.4931292398678031
0.7123409123409123,0.7455169455169455,0.7591019591019591,0.7684541684541685,0.5026741026741027
0.724679920891017,0.7276985531383366,0.7415079282467646,0.7499045834634468,0.5048402206724264
0.7338737615187417,0.7487701794498718,0.7558026744266612,0.7752026605695281,0.5076560659599528
0.7460359642129507,0.7455044733811675,0.7653172704993061,0.781586795405557,0.5495319927953465
0.666530598360377,0.6695241010987516,0.6832670000340171,0.6844916147906249,0.45586284314725994
0.7420695246782203,0.7385223472179994,0.742137089963177,0.7668997668997669,0.5194419107462586
0.7403281344946323,0.754304233340085,0.7757072446154885,0.7800283573020051,0.49176287894132736
0.6468950388120148,0.6780571492856339,0.679379007762403,0.7009787377657779,0.4812689841376983
0.7155112044817926,0.7429271708683474,0.7473039215686276,0.7562675070028012,0.5022058823529413
0.7532863849765258,0.7565727699530517,0.7699530516431924,0.7922143974960876,0.559585289514867
0.7217220407404455,0.7517860462645739,0.7656494834408946,0.7606830797014846,0.49241760284705066
0.737969704577789,0.7281780902167546,0.7286244316121294,0.7399224481825536,0.507545959215555
0.748360166964818,0.693231961836613,0.7250745378652356,0.741711389385808,0.5141025641025642
0.7446350552557183,0.7646813158571062,0.7761500899511694,0.7842456951940374,0.4857684399897198
0.6868113420626928,0.6956017458718677,0.7094283185300491,0.7281079266245459,0.48759271129017484
0.7177726926010678,0.7310383709746957,0.7380691805127184,0.751633336649753,0.5011773289556595
0.7259786476868327,0.7248689396548426,0.7377645123024529,0.7484789346802893,0.48903684995982094
0.7500644296685738,0.7120766970774702,0.7325911035513633,0.7433637441369001,0.4797948559352611
0.6781696372140059,0.6920237643787132,0.7026924535456959,0.7186449247882695,0.48256857540133985
0.7527202477343106,0.7243103497258444,0.7409017301627886,0.7476632858888038,0.5311798630642915
0.752724085654728,0.7562298654538564,0.7758906575705894,0.7856736782262649,0.5157286336933864
0.7258949410445273,0.7090115486041647,0.7204995301748962,0.7453851050286442,0.5129883907732412
0.7733556182318325,0.7826525993244889,0.8027438281277203,0.8155924649186949,0.5401998676834152
0.7768822425066356,0.7433805917006538,0.7617660387130187,0.7825144040914093,0.5029455557713471
0.7064607177196738,0.692286219410068,0.7149592134239011,0.7286684656183121,0.48118854874228467
0.694641449960599,0.6452826133677197,0.6785586360054445,0.6951429185471739,0.4819829500680564
0.7265556529360211,0.7324569091440257,0.7506865322816244,0.7704937189599766,0.4936605316973415
0.7313747365811331,0.7331102020577663,0.7595760505764225,0.781889178133135,0.50257220776001
0.7249890972525076,0.7318214856810582,0.7511556912341909,0.7539177205989244,0.4982700973978776
0.6918146360090555,0.6878869705152334,0.7058887706952514,0.7104710471047104,0.5352808008073535
0.7239043129037891,0.7265584075432164,0.7402130260171119,0.752400907979745,0.5158372620918455
0.7334147786169111,0.7401155042203466,0.7515918850881089,0.7620687102028728,0.4876351251295721
0.710322697513133,0.7217089770462956,0.7462412338586549,0.7556349144735139,0.5247004632145537
0.6958812708508715,0.6956941976116983,0.706357372244567,0.7185794905372119,0.49483989648614096
0.7173503064592174,0.7795851013672795,0.7823129251700681,0.7969623492961541,0.5447228396309018
0.7007062021688384,0.7180510002068375,0.7447921283574152,0.7506426735218509,0.5216440622876223
0.7124346377061426,0.727259667873355,0.7304775038786415,0.7436936160432109,0.5036775268631845
0.7340287255475402,0.7412426073958537,0.7828361603951389,0.7915123155910834,0.51832715929031
0.7534122187225107,0.751227263698533,0.7678839987514543,0.7871229533781675,0.5574472915070515
0.7287612248944789,0.7298093538426674,0.7383076966658169,0.7441148975949691,0.47712529390102265
0.7282690146122143,0.70622580242288,0.7149057075059323,0.7122830023729237,0.504870738104159
0.7361862468039296,0.7501278428206164,0.7609742968644865,0.7752119499394429,0.505853855470327
0.7380593845322213,0.7408394146492142,0.740530522413993,0.7457430788833546,0.4954245337657825
0.7501179040385235,0.7586318167150693,0.7670464417802269,0.7785141608955742,0.4891652394072529
0.7021954369349978,0.6987229157698378,0.717606543263022,0.7239202181087673,0.513158272348974
0.7204044422343775,0.7444057682744903,0.7573015083706283,0.7707276645118514,0.5122161445383723
0.71004851004851,0.7387664587664587,0.7435897435897436,0.7590575190575191,0.525959805959806
0.7809498399146211,0.7603166133048737,0.773953515949247,0.7830546661923395,0.4904245227084074
0.7603239790098106,0.782483458818161,0.7851357517681953,0.7904688569472964,0.5103524982888433
0.7413890914985007,0.7455763568090337,0.7665396979766053,0.7813977361752708,0.5386984358537968
0.7577239651676012,0.718000715734224,0.7460734025209751,0.7725953318223389,0.547139051254523
0.7297721707654636,0.7274033854998403,0.7464068987543916,0.7510646225912914,0.503646332375173
0.7014663204521154,0.6950766254264039,0.7172750878264855,0.7396772058449163,0.4970979074385215
0.7377158034528554,0.7605135015493582,0.7752482134952254,0.7938088914184531,0.5307342060330108
0.7484655635695092,0.7588742752085985,0.7766935369820392,0.7914014990807523,0.49616744449158534
0.6886798035386709,0.6979111190011243,0.7242440381087638,0.7377063731581751,0.5125747085626369
0.7023359154506695,0.6894553533897797,0.7029664324746293,0.7087011349306431,0.496697291779259
0.711262282690854,0.7146345717774288,0.723792080934938,0.7321646607360893,0.4934589220303505
0.7485427803449004,0.7600495303675516,0.7803751019298723,0.7866268007610765,0.5312735948778351
0.711177354837066,0.7252414074243929,0.7373181482330761,0.7462355728808377,0.49700629315396566
0.7418228222177445,0.7563301766404728,0.7626771442004164,0.7674457653301096,0.5231714688696353
0.7343147880539499,0.7494881984585743,0.7596339113680154,0.7807984104046243,0.48265895953757226
0.7034008177919618,0.7028689205810977,0.7061267909976396,0.7259067185266449,0.5602872244938665
0.6860989278752436,0.7103435672514621,0.7253898635477584,0.7259990253411307,0.4525767543859649
0.6515369633330511,0.677957490049962,0.6955429474694442,0.7157817483840009,0.48194879611595676
0.6732979203555184,0.6795125507759608,0.6913168767142311,0.6946498628615073,0.5233829809394854
0.705127037610418,0.7322344655920833,0.7463801111009927,0.773244695382934,0.5382327049752603
0.6923490527248001,0.6752696334250562,0.692190909953506,0.6992757061074739,0.49021096245690615
0.7441927631307504,0.724305813425754,0.7375912860502537,0.7513718694557907,0.4693237611915666
0.7452766889147862,0.7414980400466152,0.7595084225023837,0.7536815340608115,0.5150969382349825
0.7065918418628025,0.7247954881760058,0.7444788787447302,0.7535807019013318,0.5106513666694587
0.6825642245480495,0.6962813193783699,0.7088487155090389,0.7205835712020298,0.4851728512527751
0.6924193857702529,0.6969672063779074,0.7132955261499685,0.724007561436673,0.501027369113175
0.6868320016602677,0.7146414859396079,0.721282556812286,0.7229082356196604,0.5223617308290961
0.775983186503138,0.760724362296309,0.7782576150169862,0.7969136868774113,0.5427534980134738
0.7205695567885554,0.7375047351650066,0.7554426543663791,0.7691022127147537,0.5355750161552688
0.7403058514356006,0.72847996868797,0.7395510078559647,0.7514887192820598,0.522827028991585
0.7431974319743198,0.7402274022740226,0.7628476284762847,0.7712477124771248,0.49821498214982146
0.7069483165344198,0.7223175352062334,0.7262491957966973,0.7415469297305025,0.516262777896919
0.694590713259933,0.7342907292165309,0.7545875219403223,0.7693952449337802,0.4663794479017073
0.7136981059881385,0.703813532300236,0.7178751355143168,0.7437025699891588,0.5490721255022001
0.7333953424280005,0.7099696844426071,0.724404023701254,0.7350833677828303,0.46747967479674796
0.7314698228825653,0.7088614678642379,0.7364223957021742,0.7524273202943563,0.5093595232099387
0.7011227255129695,0.7000473179334968,0.7137695186475673,0.7273626704521012,0.5138727577751968
0.6791520889071826,0.6929409343486315,0.703677025451053,0.7146875214378815,0.5206832681621734
0.7186588921282798,0.760035882484862,0.7719593331838229,0.7844808252971518,0.49854227405247814
0.7769637769637768,0.7775742775742777,0.7749966083299418,0.7891398724732058,0.5023402523402524
0.7158983264919483,0.6947952847068729,0.718529628460162,0.7390274707925482,0.5355488895905695
0.7290684163761876,0.7328275579249538,0.73884218440298,0.7382270521495456,0.5314400929533183
0.7241496598639455,0.740079365079365,0.7517006802721088,0.7608843537414965,0.4816326530612245
0.7503744383424863,0.7655897106720871,0.7775004160426028,0.7844186101799681,0.49725411882176734
0.6619676154559876,0.6544551195713986,0.6755858848882105,0.6948310436682529,0.5228517554098949
0.685380221349518,0.7027549684636439,0.7197727002261098,0.7351838629061049,0.5259431155539688
0.7364349531488341,0.752233602091959,0.7493281034357522,0.7542674511513039,0.49731241374300855
0.7153572583252505,0.6980601357904946,0.7164888457807953,0.7229873908826382,0.5131264144843194
0.7856766078312031,0.7891661594643944,0.7922499492797727,0.8110367214445121,0.5072834246297423
0.6823977333097221,0.682869960450977,0.6991027684316156,0.7256655451272063,0.5217224484977274
0.779063151905936,0.7415133699981036,0.7544724698147798,0.7721727037107277,0.47894936468803334
0.7444965716347888,0.7895264445246402,0.8050443081117927,0.8072897870804763,0.5184249568948234
0.7598948670377242,0.7282003710575139,0.7561069882498455,0.7776747062461348,0.5230364873222015
0.7474395798880088,0.7399251457916268,0.7607276525372096,0.7743638842951229,0.5160008123712537
0.7731935000576237,0.7227536398908994,0.755176520302716,0.7658176789212862,0.4863816219123353
0.7313285600636436,0.7365791567223549,0.7572315035799523,0.7683054892601433,0.5505489260143198
0.7667227728944579,0.7489869708871018,0.7689981921326602,0.7748270057976435,0.4978804313945515
0.727741046831956,0.7293388429752067,0.7424242424242425,0.7597796143250689,0.520137741046832
0.7456274683646328,0.7532038365438866,0.7696461674860965,0.7718223583460949,0.5206200800623304
0.7270932452988964,0.7269314172897046,0.7372236786743049,0.7380975499239408,0.5140952196006084
0.6962509563886763,0.7380132619229789,0.7486291762305535,0.7582568222392246,0.44679290997194593
0.7368626303987519,0.7601312924506841,0.7672808813493224,0.7850248610704885,0.49189171622631694
0.7871526502631901,0.7915901579140653,0.7805116905373976,0.7879483412902436,0.540151793365161
0.7475670719081847,0.7155027065400658,0.7415328186470257,0.76019759221463,0.4995119353979945
0.6616944187480728,0.6709451125501079,0.676649707061363,0.6899475794017884,0.5673758865248227
0.6757328784432651,0.6697308567096285,0.6855256507455142,0.7114607025524388,0.4961460702552439
0.7211559264410446,0.7165507649513213,0.7300571781795705,0.7518157935404112,0.5061968783804667
0.7671953136162308,0.767538219745678,0.7710530075725104,0.7719388484069153,0.48472638948421204
0.7414572310405644,0.7321979717813051,0.7483190035273369,0.7572475749559082,0.5250771604938271
0.7142362013690322,0.7372266990151056,0.7609103774947289,0.7847384686480087,0.501227507726078
0.7118980579019566,0.7579958125767092,0.7605949028950979,0.7722908093278464,0.5146920799942242
0.6950025759917567,0.6857290056671818,0.7096342091705307,0.7233384853168471,0.5313068864846299
0.7088421052631579,0.7245964912280702,0.7401754385964913,0.7530877192982457,0.4917543859649123
0.7283796006400891,0.7406247825784457,0.7465386488554929,0.7609058651638488,0.5050093926111459
0.707673568818514,0.7301780639174064,0.7385012470274347,0.7485064671422771,0.5099472188388144
0.7323060383443827,0.7105656095084513,0.7322164486651138,0.7539867407274682,0.522277966911545
0.7259834452263475,0.7026342042114914,0.7242578662137021,0.733559815578743,0.48901291488042276
0.7013156180799792,0.6860101602188355,0.7034974599452911,0.7186075289826755,0.48176370978246713
0.7481980934666357,0.7445813635071947,0.7569557467255676,0.7682967785269575,0.5078922214472087
0.6915211030966658,0.7125517800758958,0.7240809941774572,0.7328003244401957,0.48367660264766377
0.6797943444730077,0.7084832904884318,0.7106769494430164,0.7216452442159382,0.5544130248500428
0.7056098382749326,0.7287455076370172,0.7402010332434861,0.7606132075471698,0.5077774034141959
0.7586254295532645,0.7464604810996563,0.7607560137457045,0.7842611683848797,0.5168384879725085
0.7534182403747621,0.7517493778363343,0.76641780120041,0.7653637827550871,0.4786122090469917
0.7458357265939116,0.780944859276278,0.7911880145510244,0.8079647712042887,0.5063421405322611
0.741614090431125,0.7630914826498424,0.7789957939011566,0.7913249211356467,0.5041535226077812
0.7605707066954001,0.7569790195932725,0.762899110747814,0.7794456416734784,0.5265165589160536
0.6816244967527697,0.6940256839754326,0.7153604278703458,0.7266743072085573,0.4745364248141291
0.7136878605805159,0.6949152542372882,0.7290527008041132,0.7439990434340716,0.4934086629001883
0.7135828296916163,0.7255152642181931,0.727181156051449,0.7462420579575392,0.5331628699829537
0.6569360759055336,0.6640349054643674,0.6663896391716877,0.689625320313041,0.5260752129648868
0.7247550063911375,0.7410879136486295,0.7537281636131231,0.7734341712824883,0.5290441698622356
0.6965715932008066,0.7113800057620283,0.7276001152405648,0.7253817343704984,0.5348314606741573
0.663287979788756,0.6786594831522236,0.6963443216753417,0.6982923933887317,0.4990411834535659
0.6915383487314856,0.7186977562692477,0.7259422202669011,0.7395805836632937,0.5231852177738671
0.7274756674703099,0.7480429800279786,0.7643241956127035,0.7792362413310713,0.47766169598476055
0.6747507619195207,0.6871222687122268,0.7025672813678393,0.7211891110078,0.4956351051190661
0.6758181246066708,0.684287812041116,0.6951436962450179,0.7210771973987833,0.50104887770086
0.7173112338858195,0.6860927939167111,0.7122616289431475,0.7315095348422741,0.5337729459989307
0.7589408844350464,0.7785847813428948,0.7922527657748768,0.7871962244491435,0.4921700223713647
0.7028308878019861,0.7081665925596562,0.7343708314806582,0.7504075885578776,0.480658070253446
0.7017710309930424,0.7234740670461733,0.7462049335863378,0.7674335863377609,0.4954538266919671
0.7349775316124987,0.7187445570766712,0.7394015396941512,0.7594314975441531,0.505277458459609
0.7078952617032795,0.7211442573439325,0.7311451121178448,0.7616890332507052,0.5578539476308517
0.7330190840944057,0.7177321679924056,0.736947199581001,0.7624144816524273,0.5071851779108972
0.7388631624556558,0.7274893709210062,0.7467706556178406,0.7627210442223847,0.5392531210225581
0.7198379025239339,0.7239719321148824,0.7567177980852916,0.7792101827676241,0.5288566144473456
0.732783110552914,0.7369994916419964,0.7498579587930982,0.7738703986124816,0.5229209652821387
0.716267339218159,0.7356332192397766,0.7485137813006665,0.7669789227166276,0.5296042755059148
0.7375546827601621,0.7285819203627423,0.7550531660120702,0.7639620653319282,0.5408244723313216
0.6761479073547338,0.6919680346742516,0.7221454693214141,0.7300826222402818,0.5201137748882568
0.7202718418374764,0.7233246111353395,0.731101904346562,0.7344454135775549,0.5186436982119494
0.7277876881669952,0.6881669952743091,0.7102619472350015,0.7239069883891966,0.454386129627891
0.7012941124508635,0.7534119517689147,0.7557970054326223,0.7677222737511594,0.45174683097036344
0.6803240953871651,0.7144830126139398,0.7202528926127122,0.7480281128195685,0.52011785286806
0.7290800945164181,0.742727939379125,0.7502240690947608,0.7594720117330725,0.48900024443901247
0.7211633200829001,0.707709034077396,0.7258179594332891,0.736724085210478,0.5131994699826725
0.7392268694550063,0.7330164765525983,0.7532636248415717,0.7692648922686945,0.5022813688212927
0.7202862026013152,0.7510211175806031,0.7519191216940412,0.7562932707627241,0.5051128298716724
0.6961983688503026,0.6962970270981321,0.7139568534596159,0.727670349907919,0.4809918442515128
0.7492767598842817,0.778114524498324,0.7906047664967627,0.8072737291637967,0.5054874408779906
0.7226335417352199,0.7203849950641659,0.724882088406274,0.7385378962377974,0.5040035099265109
0.7250031965221838,0.6899693133870349,0.6990794016110472,0.7171077867280399,0.5355453266845672
0.7090228003421526,0.7161608117275757,0.7368374480134502,0.7451552959915052,0.49998525204259203
0.7100880323578397,0.6986378777064002,0.7113966214608612,0.7113073994765644,0.5120449678800857
0.6925621236536341,0.6917422893167106,0.7057642834930596,0.7258926299720124,0.49269216634156
0.7316151891964165,0.7435151758256451,0.7561171279582831,0.7634710522797166,0.49251236796363146
0.7669738375172122,0.776930409914204,0.7992797373159624,0.8064029234191293,0.5351128058468383
0.755214796430893,0.7312533238787449,0.7441942917922354,0.759912545057023,0.5028954677066714
0.7295209213329,0.7512184555399112,0.745153254630131,0.762590707245749,0.5004151774432289
0.7451383399209487,0.7554677206851119,0.7682740447957839,0.7839789196310937,0.4980500658761528
0.7233070091700656,0.7310017645867685,0.745263096994417,0.7474037432381614,0.4834967745668084
0.752963408349081,0.7056347706579625,0.7230143732462921,0.7250186107770715,0.48453873904827355
0.7296272899557802,0.7575805432722679,0.7692935354811539,0.7841650873868183,0.495393767108865
0.6711086433462891,0.7015238447775927,0.7154358689616881,0.723147634030477,0.4918563760873589
0.7223695844385499,0.7027181198482645,0.716151849633496,0.7362026182938308,0.4881777473546105
0.7337726199842644,0.7119722003671649,0.7147587201678469,0.730068187778652,0.48324809861001833
0.7462755066017087,0.7407328955729718,0.7530184282990892,0.7631504624726401,0.4983054437619148
0.7684661859286689,0.7412785032157475,0.7557980900409277,0.7790554147989347,0.5250438511011498
0.7209440845804482,0.7700469064105427,0.7759660486933213,0.7920482465937012,0.5114287841560569
0.7465895113496589,0.7479033881247904,0.7693726937269373,0.7768925416526894,0.5323716873532373
0.6949330437929787,0.6760043431053203,0.6926891060441549,0.7251176257690917,0.503003981179877
0.701158915084243,0.6775830963520165,0.690120172461242,0.7118612971287037,0.5329786258141455
0.6634694436832008,0.6922749002770927,0.7145336621905546,0.7457750982004202,0.5503790992966109
0.7053939278696837,0.7278950370792927,0.7466248336185587,0.7578753882233631,0.491158014831717
0.7243714630299657,0.7287317933017906,0.7448124439496553,0.7574914184989332,0.48118254630918145
0.7091578143442338,0.6949940984517115,0.7034645559952789,0.7142609178643338,0.502603624244949
0.6753105590062112,0.6699792960662526,0.6860766045548655,0.7038043478260869,0.4817287784679089
0.7126567844925883,0.7078297225389586,0.7269479285442797,0.7403268719118206,0.465678449258837
0.7122034579815039,0.7398472054684359,0.7447728186570165,0.7579412947326096,0.5194678997453425
0.6995939657982869,0.7142645446193058,0.738715509321004,0.7571204172964642,0.4728668385643579
0.6624547059370064,0.6641271021090773,0.6779708259778872,0.6900802130756606,0.4217225680572331
0.7269509295287505,0.7489461738002593,0.7600518806744487,0.7805069174232598,0.5039721141374838
0.6799224949252629,0.6879190502552747,0.7021283139570645,0.7196284677369748,0.5316171495355847
0.7428752798102302,0.7246667334870202,0.733186328555678,0.7407036183221409,0.5063312284921987
0.7278474711270411,0.7501244524093987,0.7558243727598567,0.7627190362405417,0.5040322580645161
0.7084857104158201,0.7175606122172558,0.7353718000812678,0.7434985778138968,0.518420696193959
0.7332383214568488,0.7583214568487727,0.7730482977038796,0.7836262866191608,0.5238004750593824
0.7272655071082519,0.7493977179466814,0.762158155296111,0.7783602043787891,0.49143568157149287
0.6623882257305438,0.6483549394600607,0.6698327129593976,0.6757369614512472,0.49133615710435113
0.6963593216414887,0.7102216820049777,0.7297273832262546,0.7450078138565722,0.5713954969033975
0.7122684285529214,0.6944163751781319,0.723539318564581,0.728306775489053,0.48332685581033813
0.7265928422404109,0.7134328358208956,0.7452094366875301,0.7481303161611299,0.48001925854597977
0.742341035471281,0.7700756398300693,0.7636168963492557,0.770248333506027,0.5153179290574379
0.7133040814636974,0.7032866959185363,0.7092198581560284,0.7157325385655545,0.4712586582774512
0.6847591495614639,0.6596868255498921,0.680213068834091,0.6915093906415025,0.5073701611792258
0.718409277116027,0.7211823281023508,0.7282094913972396,0.7495115648830907,0.5002520955442112
0.6899503036996135,0.706883857905393,0.7195840235597276,0.7274986195472115,0.5444812565188047
0.7559770591487011,0.7358692647871753,0.7468905472636816,0.7527985074626865,0.5242191818684355
0.7598640740041532,0.7393178528726952,0.7619721855138128,0.7758794286073879,0.5024542193694544
0.7134004207174939,0.7520609471828984,0.756324975837171,0.764284495991813,0.5040934675081017
0.7207588718556789,0.6935151463820898,0.7194037435419666,0.7386860901724965,0.4788120041783123
0.7146204788588895,0.7376124978773985,0.7542876549499066,0.7784343691628459,0.5476991000169809
0.7190817530169676,0.7099476756495177,0.7464234945407253,0.7662341590297311,0.4853461573359949
0.751086751086751,0.72998172998173,0.7410697410697411,0.7456687456687456,0.5065205065205065
0.721659779614325,0.750137741046832,0.7599517906336088,0.7638085399449036,0.4879820936639119
0.7038687712782421,0.7088517486846179,0.7175487465181059,0.7264933457134014,0.4365831012070567
0.6840875118902024,0.7022421524663677,0.714254654164968,0.7234135072700095,0.5340399510803099
0.7146929416868067,0.7210138191733284,0.7395426659230341,0.7459874821838012,0.4924707194645845
0.7599297410618165,0.7647458779534251,0.7851719644172475,0.7925944812737266,0.4871097512606946
0.7074338050476879,0.7304686155011536,0.7492338945701201,0.7564645525599972,0.518954653444892
0.6647684839432412,0.6523836196166294,0.6798605924819517,0.6979711227284043,0.5193241224794622
0.6754284613903332,0.6711919892162527,0.6991141921817832,0.7160600808781051,0.49910135438731634
0.757347670250896,0.7086021505376344,0.737231182795699,0.7585125448028673,0.4580645161290322
0.7371814872594903,0.7398509273704281,0.7545501820072803,0.772092217022014,0.528306465591957
0.729874297940626,0.7417015839053818,0.7516864283379393,0.7711509316216457,0.4938337642269175
0.717247818667697,0.6933256061045108,0.7170546379471329,0.7240413406742007,0.4815029460059886
0.762673398612811,0.7513259893920848,0.7515044879640963,0.764279885760914,0.5021929824561403
0.7098018211033744,0.7228352079985717,0.7602213890376719,0.7791108730583823,0.5148723442242457
0.7935118434603501,0.8272685661975054,0.8277834992562078,0.8438608536445819,0.5030037761757638
0.690685563049603,0.6977432482426934,0.7061953954295795,0.7270554085204474,0.46535188821537316
0.6663511594888784,0.6845454067413367,0.7057895567124152,0.7159646631960878,0.48669611400326024
0.7388711993506899,0.7502341262408692,0.7669663482549791,0.7812012236998189,0.5083661110070551
0.6842193808882907,0.6844997756841633,0.6994728577837596,0.7080529385374607,0.49938313144908025
0.7545548197203825,0.7481089036055923,0.7565268579838116,0.7625018395879323,0.4966004415011038
0.7297706368611013,0.7039236232390267,0.7056409360810338,0.7313715217138199,0.5039876586331354
0.7452032053123903,0.7145228745650162,0.7235577690514957,0.7427768732241483,0.47578456725090196
0.7401519016040355,0.7500708496287479,0.7589412231479907,0.7706739216686506,0.5095221901037238
0.7865852024546452,0.7925074362890907,0.794544041589624,0.8015113755125011,0.5348232708953025
0.7283124606850805,0.7510150397438098,0.75787728026534,0.7621947732601361,0.5012866700977869
0.738341556581251,0.7055546713353493,0.7287654517481034,0.7448671017030081,0.4774258581357101
0.7327544621321755,0.7380286219649461,0.7539475799967841,0.7686123170927801,0.5147451358739347
0.6765984351537185,0.6890592481361469,0.706341052187887,0.7156142153376011,0.5059406201427857
0.690461924733944,0.7247853005791892,0.7264686581642842,0.7463551028560017,0.5306285486033838
0.6910548664655268,0.6968376354899989,0.7256118002011398,0.7410325175997318,0.5607051067158342
0.7489524195728575,0.7345566369288997,0.7593268450932684,0.7721005677210057,0.5008786158421196
0.6807838586991556,0.7054405982079546,0.718333011023013,0.729968413588603,0.4662541094565848
0.6858476424093758,0.6829858272008722,0.7124557100027255,0.7300013627691468,0.4922322158626329
0.642483922829582,0.653704448017149,0.6710878885316184,0.6929930332261521,0.47216639871382643
0.7061795455872905,0.7077273523742772,0.7239939255884588,0.738800303720577,0.4893989837042229
0.7468365871294287,0.7543685225355508,0.7685586888406846,0.780760424198602,0.4689081706435286
0.7238488368372212,0.7373844036990816,0.7522319285782855,0.7670794534574893,0.5515023519247384
0.7426066136025368,0.7384650229728855,0.7575228111046398,0.7611143467287905,0.5068595094803597
0.6474785755744478,0.6719928983577453,0.6904639967223188,0.7031308682440507,0.497934378094165
0.6888241010689992,0.6892128279883382,0.7140589569160998,0.71162941367023,0.47878198898607066
0.7407226084402233,0.7137961421717419,0.7308658898789124,0.743757955546852,0.5492019974542249
0.7143779992617202,0.744770518026332,0.7603359173126615,0.7564291866617449,0.5418358557893441
0.7608888888888888,0.7578600823045267,0.77040329218107,0.7896296296296296,0.5267818930041153
0.7274119958703832,0.7135244946215074,0.7207846271688814,0.7484264162253972,0.5219968694841309
0.7530757952444699,0.7645502645502645,0.7735067253139541,0.7836743800599223,0.5043985465672213
0.7433643571182351,0.7148569458807308,0.7355394691485695,0.7481902792140641,0.5213719407101
0.7177316173703621,0.717806878904192,0.7520132460299541,0.7749680138481222,0.4960487694739219
0.7228007789348911,0.700928512968137,0.7318319081082606,0.7358959162362769,0.49609121440465104
0.7122244348950145,0.6937777311951927,0.709604164483108,0.7198756244977815,0.4647660971945638
0.709738302487394,0.7154567734302374,0.7302177526127496,0.7514859573509113,0.492492746274543
0.7813569704176125,0.7795193312434692,0.7969228551868267,0.8051742154001369,0.5195474363131914
0.6609353274324278,0.6557466001966968,0.6694814664089259,0.6909485535998915,0.5109031098450164
0.6803660953713419,0.6775387664684622,0.6958435350355603,0.7177626209630407,0.504401305817885
0.6863055457849688,0.6678977605815453,0.6929593152772893,0.7085824832922968,0.5332102239418455
0.7155820747094288,0.702653987196221,0.7143700665050656,0.7367456025856175,0.5159736465908384
0.7334459571367055,0.7550432276657061,0.7680943389976481,0.776607373546656,0.5129020504157144
0.7497791183011913,0.7378667397861256,0.7589495171069068,0.7754318618042227,0.5017822868110776
0.6965626805314846,0.6965626805314846,0.7149407856730213,0.7224870017331023,0.5061741767764297
0.6594931108582985,0.6652761976994058,0.6882821387940843,0.7137530021489066,0.5300530906332954
0.7460430194805195,0.7696496212121212,0.7808103354978355,0.7949134199134199,0.5167072510822511
0.773159112562951,0.7787396216142644,0.7898189737307745,0.8004899959167008,0.49478698788621206
0.6712244789167866,0.6491284183591876,0.6702915933685164,0.6912415373953836,0.4864598326136788
0.7240121755111417,0.704399264874799,0.7361302549965542,0.746381805651275,0.4868768665288307
0.6962442206599532,0.7395655202989423,0.7426372791183735,0.7612578377351321,0.5413262397871937
0.7317158623105895,0.70459256664039,0.7282707074246008,0.7385477796268721,0.5211818633032612
0.7396296955670286,0.724259687852353,0.7391252744644236,0.7477301050382766,0.4806242952940478
0.7291837291837292,0.7247247247247248,0.745230078563412,0.7492644159310826,0.48384748384748383
0.7410827595517754,0.7149183205076278,0.7389766437154043,0.7513973268529769,0.5189145402997165
0.7231136906794128,0.7602708546716741,0.7593035165585524,0.7682656196654148,0.509758734494139
0.7505822494535813,0.7491490200293812,0.7636962986850119,0.7693933856462074,0.46511877888853065
0.7381859851032558,0.7177091896470119,0.7470791918889969,0.7653887352714048,0.487681538499863
0.7302308307621986,0.7357159181807793,0.7481145011998628,0.7608844703462462,0.5250828476745514
0.694564308412778,0.7066733567486202,0.7244355243351731,0.7452416792105704,0.5443719685566148
0.7447273773557761,0.7479499352611135,0.7606387570133794,0.7616745791972378,0.5154654006617753
0.7684997261686157,0.7478496182468349,0.7544860023839438,0.7622821429721981,0.4784961824683483
0.711548649125905,0.7021013597033375,0.7069280122432162,0.7189652127847431,0.46103360998293014
0.7195501316104331,0.7158809922629018,0.7234585626545424,0.7440642365265481,0.49243572359150245
0.698047660063164,0.7104507608383578,0.7308929084122883,0.7503588860178008,0.5069480333046225
0.6960656780273465,0.7006041684733906,0.7223137629000087,0.7317665423640621,0.49460873587141907
0.7282636683546477,0.7514376448373531,0.7588475953423167,0.7706348525162361,0.5494235115726833
0.668928470455188,0.6721012785474194,0.6920491314045174,0.7034209782301385,0.4896491062733641
0.7603346805644189,0.7547330355243566,0.7600037817012929,0.7693871280342245,0.5170058380013708
0.7084931919055141,0.7165926928960106,0.7323904812056471,0.734898066651621,0.5296271220441836
0.7199023465967059,0.7071855414662586,0.7188092114852062,0.7481416703104503,0.49916192974785023
0.7565462464770688,0.7688444786062004,0.7779912887522419,0.7837048424289009,0.48078401229823214
0.72797438213318,0.7106768481265567,0.7334482852998331,0.7463940662889673,0.49456715110709687
0.7098586093356575,0.697794748346753,0.7203176447801666,0.7249661049777262,0.45275448936111345
0.7244798212540148,0.6757086999022484,0.7101661779081133,0.7259460969138388,0.5225527161011032
0.7529798996580706,0.7301632953056595,0.745725881187486,0.7552487776819098,0.5073339085418463
0.6885775517384768,0.6934395291558711,0.7058183795541056,0.7270255573681349,0.5107955090682276
0.7329390781939359,0.731030382677806,0.749303795487969,0.7594417847867581,0.5249225570261898
0.7649200033861,0.7682214509438753,0.7793673636389289,0.7909083213408956,0.5388413894297243
0.7634294786980682,0.7587545205962777,0.7700155831936727,0.7788950633618535,0.5150392520067038
0.6716894603226599,0.6921901018207626,0.70201730679988,0.7204433161357247,0.4879753227963857
0.7436259086470652,0.7080756572999168,0.7129217749810133,0.7214567285089147,0.4966547321977505
0.7657162970784935,0.7680394227384723,0.7646955297430482,0.783878915874692,0.48359732488560364
0.7431418654126078,0.7508397715821297,0.7646960026872692,0.7764248124510132,0.4841843018698914
0.7530562347188264,0.7550760072286594,0.7665922539952518,0.7842741221076502,0.5200382693738705
0.7314892856230685,0.7148366664112583,0.7350394605777334,0.7557530712844481,0.5016218425152607
0.6863508927253948,0.6935812306330235,0.710314298362107,0.7223550243470562,0.5231813486793566
0.7125904829714015,0.7348997270677584,0.7417823662038684,0.7604129583481667,0.5267987816937622
0.6737566710495785,0.7163740428494082,0.7310181246293861,0.7476731894706989,0.4858844458194756
0.7895547850971328,0.7807220296076166,0.796681525507677,0.81528259314292,0.46662264047108026
0.7211096416650923,0.719503747087348,0.7225580955979596,0.7398135902764658,0.5411549845708168
0.7335223245924877,0.7070635483108907,0.7258951773480476,0.7351422496709527,0.4741655698423948
0.7258285622127247,0.7109104104507701,0.727629492245249,0.7416068596618551,0.46361852538773757
0.7154442773305023,0.7551387537232004,0.7676133179981716,0.7921790675042025,0.4884543926391223
0.7028671445240874,0.7396510529532699,0.7465966549980553,0.7595988220258932,0.5460076679446574
0.7325394271000966,0.7446894110074026,0.7546400600793906,0.7674873940564316,0.5056056217144084
0.7774006382361472,0.8017696547722658,0.8102697998259356,0.8103858427618219,0.5109660574412532
0.7602788586251621,0.7505512321660182,0.7613813229571984,0.7703307392996108,0.5012321660181582
0.7680534732633683,0.7695839580209896,0.772332583708146,0.783608195902049,0.4959395302348826
0.7200157682073519,0.6985972865543183,0.7249761834368122,0.7400216812851088,0.5054695969251995
0.7329668172000785,0.725832842463512,0.7471693173637018,0.7628771516460501,0.4824595850513777
0.734462638810465,0.7250894033502729,0.7454545454545455,0.760737812911726,0.5298701298701299
0.7504961270085143,0.7630113309007106,0.7749823954932463,0.7840407144228921,0.5268228666538634
0.7241445969456795,0.7206649913009859,0.7238546298086216,0.7350344738707392,0.49838907146079
0.7106716886377903,0.6945699937225361,0.720558694287508,0.732046453232894,0.5322033898305084
0.6379645845495233,0.6945579555036648,0.7073036258675488,0.7313031069598495,0.5116105597716806
0.7453808169004872,0.7259230190653717,0.7259557212466072,0.7326596683998824,0.4732332646587527
0.7296079746956772,0.7369564522828206,0.7544969487843062,0.76321927218122,0.49193264960541866
0.7343013628837091,0.7330594828684244,0.7523882307986244,0.7608584893644122,0.507642338555598
0.71388697053407,0.7226346685082873,0.7276127992633518,0.7350656077348067,0.47154120626151014
0.6776418940106618,0.679719347757918,0.7049623706491063,0.7234242709313264,0.48149890247726557
0.747907609499305,0.7259338124390027,0.741460385059001,0.7487356933723716,0.4962588353591814
0.7291910575904555,0.7236996153202876,0.7292746836148742,0.7490104253777109,0.4693092490383008
0.7664478328391925,0.7826485952280108,0.8046731610899337,0.8203091910207538,0.5007059155724976
0.7064878165886448,0.7170807826191333,0.7340955467530909,0.7516504621293962,0.526287360460929
0.7304970561594203,0.7312896286231885,0.7447916666666666,0.7486696105072465,0.4826200181159421
0.7012987012987013,0.7569725356610603,0.7674047264211198,0.7818820523738556,0.4586970406642538
0.759184406718764,0.772478217910716,0.78855654360909,0.7979580226952901,0.5432797389143387
0.7634900100618083,0.7698145752479517,0.7911168607158259,0.8001724881414404,0.5221791001868622
0.7387143982888663,0.7220252167060677,0.748902397838568,0.7720083305189688,0.5021107733873691
0.7349830795262268,0.7264321972443799,0.7413886874546772,0.7526891467246797,0.5029912980420596
0.6944232723577235,0.7059514735772359,0.7182736280487805,0.7258638211382115,0.5612296747967479
0.7340761218619978,0.7460836055960458,0.755186953729301,0.7701823462064729,0.4679567730585574
0.7360589116020412,0.7276255079903443,0.7385950438475876,0.7532312769273077,0.4872429492467993
0.715260598822827,0.702180897949899,0.7136682874122097,0.7354203986465353,0.4966305553186044
0.7387910518800571,0.7493257179121052,0.7617642392511502,0.7751229573219103,0.5324448675234016
0.7203866862457171,0.7278817914831132,0.7507342143906021,0.7637971120900637,0.5008565834557024
0.7110239162929745,0.7424887892376683,0.7509342301943199,0.7632286995515695,0.4896113602391629
0.7265101194374278,0.7282252783235101,0.7352418374029376,0.7563226993482397,0.48688683069822564
0.7194374825953774,0.7122528543581175,0.7261765524923419,0.7333611807296018,0.46764132553606236
0.7139466958744066,0.6660277473530486,0.6824571011318,0.7034805890227577,0.43887671899720093
0.7114275729512493,0.7176014910594676,0.7315219290581862,0.7325994525016016,0.48605043974605394
0.6857517482517483,0.6852855477855478,0.7030303030303031,0.7247668997668998,0.5014568764568764
0.7518965630978296,0.698957714888845,0.7178573784550432,0.7432548321129362,0.49722936869186624
0.7619832117360947,0.7304463795402839,0.7399126591877828,0.7508694856306058,0.4800868178133417
0.6533489683669765,0.6707429432950834,0.6903425747550046,0.6973504201915292,0.5015495435128571
0.6954849962341935,0.6820073730526817,0.7031751694612915,0.7185555159154874,0.43576326951282357
0.7575099238279154,0.7686943461002039,0.7884883596180666,0.7934234524192684,0.48860100847548543
0.7225583169827775,0.7411706998037934,0.7540331371266623,0.7609276215391323,0.507003488118596
0.7124362124362124,0.7133182133182133,0.7212877212877213,0.7277452277452277,0.5135450135450136
0.736285157337789,0.7146835342324064,0.737041015236504,0.7475036798345069,0.5097664796912916
0.7414266753094422,0.7476926875945304,0.763897891780103,0.7734049449023058,0.5080717350371947
0.7648786959818045,0.734647460197119,0.7437452615617892,0.7546436694465504,0.49462977002779884
0.7096754735191219,0.7106104475811316,0.7194173000361926,0.7414344311738449,0.5057606466401254
0.7801141700989955,0.7568104631837561,0.7720572295686106,0.7788857576414481,0.5096105209914011
0.6863815942365791,0.671082190719653,0.684096366875823,0.7013324037493222,0.4640173522348749
0.7607010745111854,0.7786095942692737,0.7913510657037167,0.8023016851623511,0.5134754271622336
0.6841286471727465,0.7042892973934025,0.7136235197002888,0.7175286535225576,0.5065561799536463
0.7799262465929132,0.7930094596761262,0.8021805355138688,0.8082732082732083,0.5118807118807118
0.7290919742237844,0.729841827768014,0.7476742823667252,0.7583128295254834,0.5237492677211483
0.7303452673772434,0.6560080167623212,0.7032431447572196,0.7245148947799945,0.5044183292338525
0.7497936210131332,0.7312070043777362,0.7588492808005003,0.7643777360850531,0.5153220762976861
0.6575287077470483,0.6897406868294786,0.7020863658418244,0.7190684133915575,0.5256078494797564
0.6876172275896238,0.6798315461655519,0.6900591003999009,0.7003574335562869,0.4803057649431999
0.7063027940220922,0.6835916952876017,0.6995884773662552,0.7064265602277299,0.4964881339150345
0.7739393939393939,0.7737575757575758,0.782,0.7841818181818181,0.47269696969696967
0.7339586997589733,0.7123965865415934,0.730701582958765,0.7534036870562177,0.5093153540485962
0.7666838754087076,0.7695749440715884,0.7775942178626742,0.7946652899673033,0.5030459473412493
0.7241885407846458,0.7496189669771379,0.7593564775613887,0.7688681907987581,0.5361558001693479
0.7107701812191104,0.7269014277869302,0.7282399780340473,0.7520936298736958,0.5066927512355849
0.7348170501697472,0.6940148371683641,0.7117439959763612,0.7340626178800452,0.527536778574123
0.6884150805270863,0.6913738408979991,0.7011957052220595,0.7064726695949245,0.5193997071742312
0.6748003680945173,0.6989936770861163,0.7133612372725384,0.7250868287469944,0.5017662599815953
0.6859860829736633,0.7122933732640417,0.7231862356499016,0.7354296955283478,0.4980181449837047
0.7078659538036831,0.7003529370653808,0.7134570360275361,0.7364154174092322,0.4871929272809868
0.7102340841693482,0.7123477821944603,0.7269859297116538,0.734841314909458,0.484131490945801
0.7514124293785311,0.749540139272106,0.7647483904874525,0.7767376166075417,0.5469714886348706
0.7341849806935873,0.6962578037602397,0.7115946735953232,0.7324889033235898,0.5110245029049836
0.7626990664470071,0.7347611202635914,0.7517847336628227,0.7659939593629873,0.522377814387699
0.6790554939902821,0.6919273719205523,0.7155116074219304,0.730940812093314,0.4864887903844515
0.7761417167357761,0.7570449352627571,0.7748441510817748,0.7844066457927843,0.5422696115765423
0.7571234316088757,0.7729773162741825,0.7855553495271649,0.7905000309042586,0.524692502626862
0.702964890302271,0.6988532331116893,0.7138864797147537,0.7385885451800456,0.5100382255629438
0.7441217150760719,0.6949930843706777,0.7211894882434301,0.7459474412171508,0.5155186721991701
0.7481049171530153,0.7355604749446568,0.7502515596699538,0.7630643321929295,0.5085194874890991
0.7668363283819812,0.7433953117966828,0.7611232298050621,0.7827983795574945,0.5035490460856619
0.7168749809932183,0.7077821366663626,0.719946476902959,0.728674391022717,0.5150685764680838
0.6472849198560681,0.6499563842547159,0.6634227456111655,0.6743812016137826,0.5021262675825974
0.7256532066508313,0.7221262506298135,0.7278125674800259,0.7440077736989851,0.4908587058230764
0.7527186092043499,0.738518151581629,0.745288137192461,0.7539688156063501,0.47746090156393745
0.6764621422417919,0.7032002807823617,0.7080501579400784,0.721195877604416,0.5196707188666604
0.7078470102352307,0.6989585203806787,0.7234093493745138,0.7400191536481714,0.5372299036332077
0.7373941331538504,0.726765382242414,0.7464243647989232,0.7557069942228952,0.5101239553536373
0.7184635055360591,0.7213199488560624,0.7317119616964552,0.7382409749993198,0.4764547457765446
0.7451693072382728,0.7625660142901522,0.7701770736253494,0.7777570674122399,0.518049083566325
0.7136668446976441,0.7249124681027833,0.7363657943148775,0.7544656103495342,0.5341819476588926
0.7259743403534253,0.7330290140747658,0.7566829200816129,0.7828612926652143,0.5039941902687001
0.6944534632034632,0.7215097402597402,0.7370941558441558,0.7516504329004329,0.5233225108225108
0.6908984064433613,0.6850219502920943,0.6978464516575063,0.7262262781292129,0.5186836738221162
0.6999559754817298,0.7067628433065799,0.7346676148870602,0.7533949676589117,0.5173558197026652
0.6451332463971646,0.6737553081218444,0.6741231149898018,0.685491690908483,0.47276557327715923
0.7281764011313397,0.7199934096713073,0.7380893538731911,0.7433616168273058,0.4806546393168026
0.7247555084246495,0.727612819606457,0.743077648167786,0.7632555673382821,0.5314598798161895
0.7129409189174397,0.7308376433243029,0.7458336753961087,0.7564239389212708,0.4883288181046986
0.7084363313684477,0.7249477086898649,0.7347404449515116,0.7380046903720606,0.5033276288267732
0.7341926541926541,0.7552044352044351,0.7682605682605682,0.7807900207900209,0.5049203049203049
0.742526267850753,0.723821606323802,0.7339709183175565,0.7444780586187827,0.49816206369343874
0.6784296745327273,0.6574655408818647,0.6814606336147796,0.6964350147939671,0.48105650573717257
0.731053756370212,0.7184503260452627,0.726450764425448,0.7361225272617679,0.48813633623760205
0.7344218593802067,0.7541375097189826,0.776157947350883,0.787598578251694,0.5211318449405754
0.7428751377735789,0.7399097255025455,0.7453681834881646,0.7610087650238807,0.4952500918490526
0.7433340886773925,0.745146914419518,0.7620666213460231,0.7760782536445351,0.5425258705340282
0.7118760419731295,0.6987349220358929,0.7132489948023929,0.7319799941159165,0.4754666405151842
0.7057777777777777,0.7344229390681004,0.7365448028673836,0.7556129032258064,0.47045161290322585
0.7289884328238649,0.7449774103623955,0.7465474702810088,0.748726328943574,0.45919446313563395
0.6970602464498136,0.7074475653831924,0.7168957568513618,0.7329747573920716,0.46925069011639486
0.7693821330184966,0.75278761642398,0.7759740259740259,0.7871244916699461,0.5472255017709563
0.7088936069827789,0.6835170019883395,0.6966939642098877,0.7040070097394938,0.4620698951909143
0.7418024334914416,0.70677802983433,0.7155770949336633,0.7395339245205198,0.4780710799477555
0.7118210529063242,0.7094719807898103,0.7342416412183854,0.7485448803278261,0.4898859394983426
0.6473158551810237,0.6783911415078977,0.6805352005645119,0.698501872659176,0.496987461325517
0.7141724600561044,0.709995121356263,0.7155140870837907,0.7277106964263934,0.5499146237346018
0.7605656803187667,0.7776144751453393,0.7966882226141485,0.8062904174015285,0.5273042001437064
0.7125003819476273,0.6898279707886456,0.6985058208818407,0.7152504048644851,0.4931402206129496
0.7446077603198739,0.7339922284169624,0.7491411837585177,0.7661767190403784,0.48425972855775185
0.7716426910155914,0.7794814368162633,0.780515117581187,0.7837310132942831,0.4889022884543601
0.7274391189700635,0.7510469986040018,0.7675507988211571,0.7729176361098186,0.4808438033193733
0.6816770186335405,0.6971745219827062,0.7003105590062112,0.7072829131652661,0.46227621483375964
0.7495448310263125,0.7584237436089287,0.7701209627135553,0.7817932410525003,0.5003367003367004
0.7108997972529197,0.7090722179388331,0.7364287957965675,0.7537051315000428,0.5014135183757389
0.6985359757186217,0.6839552460870083,0.6968398500267808,0.709962506695233,0.5126763078021782
0.7548090978190961,0.7624978074022101,0.7694848856925686,0.7767058410805121,0.4983920949541016
0.7421076033792797,0.7159478286645916,0.739958500074107,0.7730102267674521,0.4786571809693197
0.7395185862279098,0.752224253503961,0.7680073126142597,0.7806215722120659,0.4743144424131627
0.7544787077826726,0.7370444533440127,0.7549325857695903,0.7625150180216259,0.5019890535309037
0.7016900987137302,0.6852128826403431,0.6952088942068002,0.6976518097517199,0.5266726493169808
0.7172161858373922,0.7084738353940302,0.7254901960784315,0.7373860372174347,0.45547645809916326
0.770808955456744,0.746288061991315,0.7626179889226928,0.7733312530878645,0.5233117507865929
0.7081149590655295,0.6917754256157299,0.7125338266022676,0.7316479978076935,0.5274209570787517
0.7487023673882769,0.7539878465628561,0.7612355994429674,0.7699392328142803,0.4893340929231549
0.7176867341146616,0.7114093959731544,0.7312431132925975,0.7560519549901499,0.5276970850445758
0.6882531595963554,0.6864896639561086,0.7075536396590575,0.7215636328010189,0.5277097416805461
0.7369437955993886,0.7613115321394583,0.7686939469965682,0.7859388067018486,0.49332410531476195
0.730643071749497,0.7120097025827614,0.7271975523029851,0.7355219272857575,0.5299484550290802
0.7308836888763587,0.7068257995802399,0.7155029289227203,0.730225855965918,0.5431193810105567
0.7293560606060607,0.7586309523809524,0.7639339826839827,0.7780573593073593,0.5413419913419913
0.736464797774449,0.7274413296240816,0.7503744917611813,0.7610029246023254,0.5480062771952351
0.6988424760946151,0.7095789297097802,0.7122630431135715,0.7317899681261534,0.4542861935916793
0.7314048479978572,0.7170751305745279,0.7393866345252444,0.7431096826034552,0.530601312441409
0.7362559606214428,0.7632979541608984,0.7767728041839717,0.782525765266882,0.4743885556068297
0.6828060699588477,0.690843621399177,0.699781378600823,0.7166280864197532,0.49254115226337447
0.7939977897499655,0.8102638485978727,0.8241469816272966,0.8325044895703826,0.5328429341069209
0.6861705314878064,0.7254478998142488,0.7317095092575947,0.7609802864162023,0.5084486787704475
0.756797453106178,0.7446652899673034,0.7570125623816898,0.7622612287041818,0.4597745654792635
0.7653821338494926,0.7518916065458384,0.7709543081705673,0.7762918646254913,0.5089154789137192
0.7688776466179501,0.7850227968271813,0.7984198363625007,0.8038223721191681,0.48185622384610577
0.7364477743499339,0.7590715439988247,0.7683267224915529,0.782319670926987,0.502093433230498
0.7175736298030037,0.7014823483518627,0.7048631428385671,0.7217671152720889,0.49080033807944873
0.7426330532212885,0.6912044817927171,0.7044631185807656,0.7210457516339869,0.46767507002801123
0.752174993785732,0.7279807771977794,0.7393321733366477,0.7561521252796419,0.5153423371171321
0.6979638388514307,0.7126228573345409,0.7238267753513804,0.7345275233974036,0.4966623058602529
0.750373834749133,0.738729280010181,0.7472877095860775,0.7398428303267476,0.48070376380006996
0.7233813916002507,0.7207844541953973,0.7425151488015281,0.7614698068714367,0.49888063042894243
0.7310144090832552,0.715113901517885,0.7287772726179308,0.7246878833802409,0.5053763440860215
0.7061267944226938,0.6863452160175836,0.7092520090665567,0.7243972800329693,0.5224603338141356
0.7290766773999319,0.7160658655985759,0.7304641482761328,0.7468258331369931,0.47674022880180106
0.6651268661712525,0.6394523666064136,0.6594697730467965,0.6766084220392314,0.5153645310303273
0.7227541463925077,0.7093601213833516,0.7244545597237483,0.7376916235023282,0.48398995448124316
0.6850433894844308,0.6919150272902187,0.7156712608473711,0.7252522872737268,0.41881650763733463
0.7663707706162358,0.7509970410394957,0.7756657661134697,0.7862472661777948,0.518011063939277
0.7457974579745797,0.7540561119896912,0.7601476014760148,0.7754056111989692,0.5259181163240204
0.6530856800479329,0.6492909926103455,0.6535250649091272,0.6856401038546035,0.4778909526662673
0.7326763252470799,0.7120395327942498,0.7232985175202157,0.7456480233602876,0.5053346810422282
0.7034230641409106,0.7175141242937854,0.7413758723828515,0.7464606181455634,0.5273180458624128
0.7106463382851187,0.6984949179046129,0.7175527756059422,0.7401941621058118,0.5253778994005733
0.7328384780181647,0.7428261066352856,0.7618961407320238,0.7750520503304065,0.4897558914939199
0.7278597439651612,0.7221909374178773,0.7402485264857154,0.7480947554153996,0.46187633742538575
0.6893606005695055,0.6859665775016538,0.7069347369632123,0.7199643339948801,0.5306756406937614
0.7737844333518211,0.742651136993899,0.7564059900166389,0.7608800147901645,0.486522462562396
0.6746965277124305,0.6824127223110944,0.7098585364323577,0.7155045324801605,0.4644459082211975
0.7441830469999484,0.7488004952793686,0.7488520868802558,0.7609503172883455,0.516689882887066
0.6592799214835477,0.6658143499147683,0.6817500903972312,0.7015858257141382,0.5038999948344439
0.7240508533611982,0.731394403808197,0.7456751422268663,0.7670962498548706,0.524701033321723
0.7403930192562519,0.7347260988468803,0.7596210775606869,0.7718289210296315,0.5455186218951761
0.7464954327575292,0.7222573935063762,0.7343462663169635,0.7417020891742787,0.48578577673268825
0.7405378486055777,0.7280212483399735,0.7349933598937582,0.7570385126162019,0.5078353253652058
0.7380070622685384,0.7395860247466484,0.7585335744839664,0.7764763299170326,0.4991531019435593
0.7248690109652677,0.727380759466321,0.7370766488413546,0.758683087560093,0.47739426349052017
0.7019443474211201,0.695152714712617,0.7207280630263515,0.7311677727325648,0.4760740482011876
0.7198711063372718,0.7280701754385964,0.7428571428571429,0.7468313641245973,0.47447189402076617
0.7408114558472554,0.7220047732696897,0.7277008750994431,0.7309466984884646,0.49034208432776455
0.7158781642620139,0.700033553293815,0.7139022480706855,0.7142377810088357,0.46143235283152517
0.7428941793923297,0.7507350848904486,0.7511461000980114,0.7617060292769294,0.4996047930696513
0.7107591174516591,0.7308647155494947,0.7363893842442044,0.747858316724361,0.4952970383579845
0.7141982864137087,0.7156942744458045,0.7210662314701483,0.7344281245750034,0.48194614443084455
0.6877455502032728,0.6896245430631,0.7015134433398243,0.7007276826893513,0.4499333811622425
0.6603418113309111,0.6620374108464541,0.6771632350962186,0.6864217467366438,0.5020051137128246
0.7156186895063019,0.70308474340227,0.7271777731355754,0.731042406517652,0.5126383956548987
0.6832246946879449,0.6623585824529856,0.6703753652506181,0.6867086236607477,0.5059189330935792
