model,seed,fold,n_train,n_test,events_test,alpha_selected,alpha_fitted,inner_cindex,inner_fits_failed,test_cindex,n_nonzero_omics,test_ids
clinical,0,0,224,56,12,88.58667904100822,88.58667904100822,0.7240573994472391,0,0.8469387755102041,0,4;6;20;24;25;28;29;35;40;54;55;60;61;68;72;73;77;87;97;110;116;117;118;120;130;135;142;147;150;154;156;158;166;167;170;173;180;183;184;195;201;215;217;224;231;243;249;258;262;267;268;270;272;274;280;282
clinical,0,1,224,56,12,14.38449888287663,14.38449888287663,0.7465259471252578,0,0.8045977011494253,0,7;11;15;23;33;39;45;49;50;62;79;80;91;95;98;104;107;112;122;128;134;136;137;139;140;141;146;157;160;162;163;171;172;175;179;182;185;186;193;199;223;225;226;227;228;235;236;237;242;244;245;256;264;269;279;284
clinical,0,2,224,56,11,48.32930238571752,48.32930238571752,0.7466280952483418,0,0.6763285024154589,0,3;14;18;19;22;31;36;37;42;43;47;53;59;64;75;78;83;89;101;102;103;105;114;119;123;127;131;133;138;151;164;176;177;192;197;202;207;210;212;216;218;219;220;229;239;240;241;247;251;253;255;260;261;271;275;278
clinical,0,3,224,56,11,545.5594781168514,545.5594781168514,0.750283972457649,0,0.7272727272727273,0,1;8;13;17;21;26;38;51;56;58;63;69;70;82;85;86;96;99;115;121;126;132;144;145;148;152;153;155;161;165;178;181;188;189;190;194;200;203;206;209;213;214;221;230;232;233;234;246;248;252;254;257;266;281;283;285
clinical,0,4,224,56,11,162.3776739188721,162.3776739188721,0.7554124348372403,0,0.6860215053763441,0,2;5;9;10;12;16;27;32;34;41;44;46;48;52;57;65;66;67;71;74;76;81;84;88;90;92;93;94;100;106;108;109;113;124;125;129;143;149;159;168;169;174;191;196;198;204;205;208;211;222;238;250;263;273;276;277
clinical,1,0,224,56,12,0.06158482110660264,0.06158482110660264,0.7474421241440325,0,0.7891304347826087,0,3;4;7;12;14;23;32;33;35;42;45;55;61;67;72;75;84;85;89;96;99;104;105;113;114;124;140;150;156;166;205;212;213;214;215;218;220;223;224;226;229;234;236;245;247;254;258;262;263;264;267;268;270;273;278;280
clinical,1,1,224,56,12,1000.0,1000.0,0.7280205578516373,0,0.773972602739726,0,6;9;29;34;36;37;46;48;50;51;76;81;82;83;94;103;110;117;120;121;130;131;133;134;136;139;142;159;160;161;162;165;174;175;177;190;191;192;199;201;208;217;222;230;232;235;238;239;242;249;251;252;275;276;284;285
clinical,1,2,224,56,11,48.32930238571752,48.32930238571752,0.7265423003754832,0,0.8891566265060241,0,2;8;13;16;19;20;21;25;26;31;53;54;56;58;59;64;65;73;74;80;91;102;109;118;122;126;128;129;138;147;154;157;158;168;170;176;181;183;184;185;193;198;202;206;209;211;227;231;240;256;257;260;266;272;282;283
clinical,1,3,224,56,11,1000.0,1000.0,0.8032055789424719,0,0.605568445475638,0,15;17;22;24;27;40;41;43;44;49;57;66;71;77;78;87;93;95;100;101;112;119;125;132;143;144;145;146;148;163;164;167;171;172;178;180;182;189;194;196;197;210;216;221;233;237;243;246;248;250;253;255;269;271;277;281
clinical,1,4,224,56,11,1000.0,1000.0,0.7559641889985157,0,0.6985981308411215,0,1;5;10;11;18;28;38;39;47;52;60;62;63;68;69;70;79;86;88;90;92;97;98;106;107;108;115;116;123;127;135;137;141;149;151;152;153;155;169;173;179;186;188;195;200;203;204;207;219;225;228;241;244;261;274;279
clinical,2,0,224,56,12,88.58667904100822,88.58667904100822,0.7540902673625728,0,0.7026431718061674,0,4;6;16;19;21;29;33;39;47;48;52;57;64;66;72;77;88;89;91;92;94;97;100;103;105;116;117;120;122;135;149;152;153;161;164;175;177;182;188;189;191;214;219;220;226;231;235;243;249;261;268;271;272;278;279;280
clinical,2,1,224,56,12,26.366508987303583,26.366508987303583,0.7602335520529889,0,0.6683168316831684,0,11;17;24;38;40;45;46;63;67;71;78;93;96;101;112;115;123;124;128;134;139;154;155;157;163;167;171;184;192;195;200;201;202;205;207;210;212;217;218;225;232;242;244;247;253;254;255;257;260;264;266;267;270;274;277;283
clinical,2,2,224,56,11,26.366508987303583,26.366508987303583,0.764672902199939,0,0.7426470588235294,0,3;5;7;9;10;18;31;32;34;36;43;50;54;55;58;59;65;69;73;81;82;85;90;104;108;114;137;138;140;142;143;145;146;148;150;166;168;170;178;179;181;185;194;197;199;203;211;215;221;228;234;241;250;251;258;282
clinical,2,3,224,56,11,1000.0,1000.0,0.688079752556991,0,0.8875255623721882,0,1;2;8;12;13;14;26;27;28;35;37;42;44;51;53;61;68;70;74;80;87;106;109;118;126;127;129;130;131;147;151;158;159;162;172;173;176;186;190;198;208;213;223;229;230;233;240;246;248;256;263;269;273;275;276;281
clinical,2,4,224,56,11,545.5594781168514,545.5594781168514,0.7448983132327172,0,0.7164179104477612,0,15;20;22;23;25;41;49;56;60;62;75;76;79;83;84;86;95;98;99;102;107;110;113;119;121;125;132;133;136;141;144;156;160;165;169;174;180;183;193;196;204;206;209;216;222;224;227;236;237;238;239;245;252;262;284;285
clinical+composition,0,0,224,56,12,0.12029021188858889,0.12029021188858889,0.7135032839957488,0,0.8290816326530612,0,4;6;20;24;25;28;29;35;40;54;55;60;61;68;72;73;77;87;97;110;116;117;118;120;130;135;142;147;150;154;156;158;166;167;170;173;180;183;184;195;201;215;217;224;231;243;249;258;262;267;268;270;272;274;280;282
clinical+composition,0,1,224,56,12,0.034716686069421986,0.034716686069421986,0.75342102061682,0,0.7862068965517242,12,7;11;15;23;33;39;45;49;50;62;79;80;91;95;98;104;107;112;122;128;134;136;137;139;140;141;146;157;160;162;163;171;172;175;179;182;185;186;193;199;223;225;226;227;228;235;236;237;242;244;245;256;264;269;279;284
clinical+composition,0,2,224,56,11,0.057413600398646736,0.057413600398646736,0.7578314725032074,0,0.6956521739130435,7,3;14;18;19;22;31;36;37;42;43;47;53;59;64;75;78;83;89;101;102;103;105;114;119;123;127;131;133;138;151;164;176;177;192;197;202;207;210;212;216;218;219;220;229;239;240;241;247;251;253;255;260;261;271;275;278
clinical+composition,0,3,224,56,11,0.058879859580360364,0.058879859580360364,0.7345106841785431,0,0.7532467532467533,6,1;8;13;17;21;26;38;51;56;58;63;69;70;82;85;86;96;99;115;121;126;132;144;145;148;152;153;155;161;165;178;181;188;189;190;194;200;203;206;209;213;214;221;230;232;233;234;246;248;252;254;257;266;281;283;285
clinical+composition,0,4,224,56,11,0.031190037689142972,0.031190037689142972,0.7400061479020593,0,0.7225806451612903,14,2;5;9;10;12;16;27;32;34;41;44;46;48;52;57;65;66;67;71;74;76;81;84;88;90;92;93;94;100;106;108;109;113;124;125;129;143;149;159;168;169;174;191;196;198;204;205;208;211;222;238;250;263;273;276;277
clinical+composition,1,0,224,56,12,0.11796315598355153,0.11796315598355153,0.7369779930295461,0,0.7891304347826087,0,3;4;7;12;14;23;32;33;35;42;45;55;61;67;72;75;84;85;89;96;99;104;105;113;114;124;140;150;156;166;205;212;213;214;215;218;220;223;224;226;229;234;236;245;247;254;258;262;263;264;267;268;270;273;278;280
clinical+composition,1,1,224,56,12,0.009142979589207657,0.009142979589207657,0.7331638255885349,0,0.5616438356164384,21,6;9;29;34;36;37;46;48;50;51;76;81;82;83;94;103;110;117;120;121;130;131;133;134;136;139;142;159;160;161;162;165;174;175;177;190;191;192;199;201;208;217;222;230;232;235;238;239;242;249;251;252;275;276;284;285
clinical+composition,1,2,224,56,11,0.11304370636058922,0.11304370636058922,0.7079512566950188,0,0.8698795180722891,0,2;8;13;16;19;20;21;25;26;31;53;54;56;58;59;64;65;73;74;80;91;102;109;118;122;126;128;129;138;147;154;157;158;168;170;176;181;183;184;185;193;198;202;206;209;211;227;231;240;256;257;260;266;272;282;283
clinical+composition,1,3,224,56,11,0.05706012368549734,0.05706012368549734,0.792873862322989,0,0.6078886310904872,4,15;17;22;24;27;40;41;43;44;49;57;66;71;77;78;87;93;95;100;101;112;119;125;132;143;144;145;146;148;163;164;167;171;172;178;180;182;189;194;196;197;210;216;221;233;237;243;246;248;250;253;255;269;271;277;281
clinical+composition,1,4,224,56,11,0.04117259925969179,0.04117259925969179,0.7596824600802243,0,0.7336448598130841,9,1;5;10;11;18;28;38;39;47;52;60;62;63;68;69;70;79;86;88;90;92;97;98;106;107;108;115;116;123;127;135;137;141;149;151;152;153;155;169;173;179;186;188;195;200;203;204;207;219;225;228;241;244;261;274;279
clinical+composition,2,0,224,56,12,0.053223473549441895,0.053223473549441895,0.7642142167420968,0,0.7136563876651982,8,4;6;16;19;21;29;33;39;47;48;52;57;64;66;72;77;88;89;91;92;94;97;100;103;105;116;117;120;122;135;149;152;153;161;164;175;177;182;188;189;191;214;219;220;226;231;235;243;249;261;268;271;272;278;279;280
clinical+composition,2,1,224,56,12,0.07025027766853512,0.07025027766853512,0.7484171728682145,0,0.6534653465346535,5,11;17;24;38;40;45;46;63;67;71;78;93;96;101;112;115;123;124;128;134;139;154;155;157;163;167;171;184;192;195;200;201;202;205;207;210;212;217;218;225;232;242;244;247;253;254;255;257;260;264;266;267;270;274;277;283
clinical+composition,2,2,224,56,11,0.029715330261512386,0.029715330261512386,0.7715745441772839,0,0.7254901960784313,13,3;5;7;9;10;18;31;32;34;36;43;50;54;55;58;59;65;69;73;81;82;85;90;104;108;114;137;138;140;142;143;145;146;148;150;166;168;170;178;179;181;185;194;197;199;203;211;215;221;228;234;241;250;251;258;282
clinical+composition,2,3,224,56,11,0.022155521857319893,0.022155521857319893,0.7031000155943724,0,0.8302658486707567,15,1;2;8;12;13;14;26;27;28;35;37;42;44;51;53;61;68;70;74;80;87;106;109;118;126;127;129;130;131;147;151;158;159;162;172;173;176;186;190;198;208;213;223;229;230;233;240;246;248;256;263;269;273;275;276;281
clinical+composition,2,4,224,56,11,0.035692230077104904,0.035692230077104904,0.7546792156442996,0,0.6567164179104478,11,15;20;22;23;25;41;49;56;60;62;75;76;79;83;84;86;95;98;99;102;107;110;113;119;121;125;132;133;136;141;144;156;160;165;169;174;180;183;193;196;204;206;209;216;222;224;227;236;237;238;239;245;252;262;284;285
clinical+composition+spatial,0,0,224,56,12,0.08051005649480025,0.08051005649480025,0.7184009452534031,0,0.8443877551020408,7,4;6;20;24;25;28;29;35;40;54;55;60;61;68;72;73;77;87;97;110;116;117;118;120;130;135;142;147;150;154;156;158;166;167;170;173;180;183;184;195;201;215;217;224;231;243;249;258;262;267;268;270;272;274;280;282
clinical+composition+spatial,0,1,224,56,12,0.06186549832847612,0.06186549832847612,0.7415133590502065,0,0.7931034482758621,10,7;11;15;23;33;39;45;49;50;62;79;80;91;95;98;104;107;112;122;128;134;136;137;139;140;141;146;157;160;162;163;171;172;175;179;182;185;186;193;199;223;225;226;227;228;235;236;237;242;244;245;256;264;269;279;284
clinical+composition+spatial,0,2,224,56,11,0.051005055305038044,0.051005055305038044,0.776127569155186,0,0.6739130434782609,13,3;14;18;19;22;31;36;37;42;43;47;53;59;64;75;78;83;89;101;102;103;105;114;119;123;127;131;133;138;151;164;176;177;192;197;202;207;210;212;216;218;219;220;229;239;240;241;247;251;253;255;260;261;271;275;278
clinical+composition+spatial,0,3,224,56,11,0.08926546525543184,0.08926546525543184,0.7404363749078826,0,0.7554112554112554,3,1;8;13;17;21;26;38;51;56;58;63;69;70;82;85;86;96;99;115;121;126;132;144;145;148;152;153;155;161;165;178;181;188;189;190;194;200;203;206;209;213;214;221;230;232;233;234;246;248;252;254;257;266;281;283;285
clinical+composition+spatial,0,4,224,56,11,0.05385530019811729,0.05385530019811729,0.7398367723917886,0,0.7569892473118279,11,2;5;9;10;12;16;27;32;34;41;44;46;48;52;57;65;66;67;71;74;76;81;84;88;90;92;93;94;100;106;108;109;113;124;125;129;143;149;159;168;169;174;191;196;198;204;205;208;211;222;238;250;263;273;276;277
clinical+composition+spatial,1,0,224,56,12,0.1554230787825089,0.1554230787825089,0.7425243682980291,0,0.7891304347826087,0,3;4;7;12;14;23;32;33;35;42;45;55;61;67;72;75;84;85;89;96;99;104;105;113;114;124;140;150;156;166;205;212;213;214;215;218;220;223;224;226;229;234;236;245;247;254;258;262;263;264;267;268;270;273;278;280
clinical+composition+spatial,1,1,224,56,12,0.02563460427443403,0.02563460427443403,0.7308389059636797,0,0.6666666666666666,20,6;9;29;34;36;37;46;48;50;51;76;81;82;83;94;103;110;117;120;121;130;131;133;134;136;139;142;159;160;161;162;165;174;175;177;190;191;192;199;201;208;217;222;230;232;235;238;239;242;249;251;252;275;276;284;285
clinical+composition+spatial,1,2,224,56,11,0.07429443972568153,0.07429443972568153,0.7155329242977226,0,0.8530120481927711,7,2;8;13;16;19;20;21;25;26;31;53;54;56;58;59;64;65;73;74;80;91;102;109;118;122;126;128;129;138;147;154;157;158;168;170;176;181;183;184;185;193;198;202;206;209;211;227;231;240;256;257;260;266;272;282;283
clinical+composition+spatial,1,3,224,56,11,0.041898537501006076,0.041898537501006076,0.7873382486170376,0,0.6589327146171694,9,15;17;22;24;27;40;41;43;44;49;57;66;71;77;78;87;93;95;100;101;112;119;125;132;143;144;145;146;148;163;164;167;171;172;178;180;182;189;194;196;197;210;216;221;233;237;243;246;248;250;253;255;269;271;277;281
clinical+composition+spatial,1,4,224,56,11,0.04378189155845416,0.04378189155845416,0.7610574915235743,0,0.7570093457943925,13,1;5;10;11;18;28;38;39;47;52;60;62;63;68;69;70;79;86;88;90;92;97;98;106;107;108;115;116;123;127;135;137;141;149;151;152;153;155;169;173;179;186;188;195;200;203;204;207;219;225;228;241;244;261;274;279
clinical+composition+spatial,2,0,224,56,12,0.056596483807307765,0.056596483807307765,0.7641027052751935,0,0.7158590308370044,10,4;6;16;19;21;29;33;39;47;48;52;57;64;66;72;77;88;89;91;92;94;97;100;103;105;116;117;120;122;135;149;152;153;161;164;175;177;182;188;189;191;214;219;220;226;231;235;243;249;261;268;271;272;278;279;280
clinical+composition+spatial,2,1,224,56,12,0.13238750555372272,0.13238750555372272,0.7464224812688129,0,0.6460396039603961,0,11;17;24;38;40;45;46;63;67;71;78;93;96;101;112;115;123;124;128;134;139;154;155;157;163;167;171;184;192;195;200;201;202;205;207;210;212;217;218;225;232;242;244;247;253;254;255;257;260;264;266;267;270;274;277;283
clinical+composition+spatial,2,2,224,56,11,0.04590689091400245,0.04590689091400245,0.7821716295400506,0,0.7181372549019608,12,3;5;7;9;10;18;31;32;34;36;43;50;54;55;58;59;65;69;73;81;82;85;90;104;108;114;137;138;140;142;143;145;146;148;150;166;168;170;178;179;181;185;194;197;199;203;211;215;221;228;234;241;250;251;258;282
clinical+composition+spatial,2,3,224,56,11,0.027229543819417168,0.027229543819417168,0.7000720036416961,0,0.8343558282208589,20,1;2;8;12;13;14;26;27;28;35;37;42;44;51;53;61;68;70;74;80;87;106;109;118;126;127;129;130;131;147;151;158;159;162;172;173;176;186;190;198;208;213;223;229;230;233;240;246;248;256;263;269;273;275;276;281
clinical+composition+spatial,2,4,224,56,11,0.07853249462433201,0.07853249462433201,0.7469713308337138,0,0.7089552238805971,4,15;20;22;23;25;41;49;56;60;62;75;76;79;83;84;86;95;98;99;102;107;110;113;119;121;125;132;133;136;141;144;156;160;165;169;174;180;183;193;196;204;206;209;216;222;224;227;236;237;238;239;245;252;262;284;285
"clinical+composition+spatial (log O/E, sensitivity)",0,0,224,56,12,0.10521480572022018,0.10521480572022018,0.7163072138505967,0,0.8392857142857143,4,4;6;20;24;25;28;29;35;40;54;55;60;61;68;72;73;77;87;97;110;116;117;118;120;130;135;142;147;150;154;156;158;166;167;170;173;180;183;184;195;201;215;217;224;231;243;249;258;262;267;268;270;272;274;280;282
"clinical+composition+spatial (log O/E, sensitivity)",0,1,224,56,12,0.04206585262046415,0.04206585262046415,0.7573924277203098,0,0.8206896551724138,14,7;11;15;23;33;39;45;49;50;62;79;80;91;95;98;104;107;112;122;128;134;136;137;139;140;141;146;157;160;162;163;171;172;175;179;182;185;186;193;199;223;225;226;227;228;235;236;237;242;244;245;256;264;269;279;284
"clinical+composition+spatial (log O/E, sensitivity)",0,2,224,56,11,0.04207965571503031,0.04207965571503031,0.7772352344790917,0,0.7270531400966184,16,3;14;18;19;22;31;36;37;42;43;47;53;59;64;75;78;83;89;101;102;103;105;114;119;123;127;131;133;138;151;164;176;177;192;197;202;207;210;212;216;218;219;220;229;239;240;241;247;251;253;255;260;261;271;275;278
"clinical+composition+spatial (log O/E, sensitivity)",0,3,224,56,11,0.07611734958173257,0.07611734958173257,0.7510107959988103,0,0.7316017316017316,6,1;8;13;17;21;26;38;51;56;58;63;69;70;82;85;86;96;99;115;121;126;132;144;145;148;152;153;155;161;165;178;181;188;189;190;194;200;203;206;209;213;214;221;230;232;233;234;246;248;252;254;257;266;281;283;285
"clinical+composition+spatial (log O/E, sensitivity)",0,4,224,56,11,0.04226348378674357,0.04226348378674357,0.7333814038882762,0,0.7677419354838709,15,2;5;9;10;12;16;27;32;34;41;44;46;48;52;57;65;66;67;71;74;76;81;84;88;90;92;93;94;100;106;108;109;113;124;125;129;143;149;159;168;169;174;191;196;198;204;205;208;211;222;238;250;263;273;276;277
"clinical+composition+spatial (log O/E, sensitivity)",1,0,224,56,12,0.14634737544872256,0.14634737544872256,0.7428915773315492,0,0.7891304347826087,0,3;4;7;12;14;23;32;33;35;42;45;55;61;67;72;75;84;85;89;96;99;104;105;113;114;124;140;150;156;166;205;212;213;214;215;218;220;223;224;226;229;234;236;245;247;254;258;262;263;264;267;268;270;273;278;280
"clinical+composition+spatial (log O/E, sensitivity)",1,1,224,56,12,0.02563460427443403,0.02563460427443403,0.7292805073062647,0,0.6757990867579908,21,6;9;29;34;36;37;46;48;50;51;76;81;82;83;94;103;110;117;120;121;130;131;133;134;136;139;142;159;160;161;162;165;174;175;177;190;191;192;199;201;208;217;222;230;232;235;238;239;242;249;251;252;275;276;284;285
"clinical+composition+spatial (log O/E, sensitivity)",1,2,224,56,11,0.05310370888678558,0.05310370888678558,0.7145527148210237,0,0.8771084337349397,11,2;8;13;16;19;20;21;25;26;31;53;54;56;58;59;64;65;73;74;80;91;102;109;118;122;126;128;129;138;147;154;157;158;168;170;176;181;183;184;185;193;198;202;206;209;211;227;231;240;256;257;260;266;272;282;283
"clinical+composition+spatial (log O/E, sensitivity)",1,3,224,56,11,0.04566862072501442,0.04566862072501442,0.7980341116004426,0,0.6821345707656613,9,15;17;22;24;27;40;41;43;44;49;57;66;71;77;78;87;93;95;100;101;112;119;125;132;143;144;145;146;148;163;164;167;171;172;178;180;182;189;194;196;197;210;216;221;233;237;243;246;248;250;253;255;269;271;277;281
"clinical+composition+spatial (log O/E, sensitivity)",1,4,224,56,11,0.050053592966238736,0.050053592966238736,0.7711586580063601,0,0.7663551401869159,14,1;5;10;11;18;28;38;39;47;52;60;62;63;68;69;70;79;86;88;90;92;97;98;106;107;108;115;116;123;127;135;137;141;149;151;152;153;155;169;173;179;186;188;195;200;203;204;207;219;225;228;241;244;261;274;279
"clinical+composition+spatial (log O/E, sensitivity)",2,0,224,56,12,0.056596483807307765,0.056596483807307765,0.7583556086045866,0,0.7048458149779736,10,4;6;16;19;21;29;33;39;47;48;52;57;64;66;72;77;88;89;91;92;94;97;100;103;105;116;117;120;122;135;149;152;153;161;164;175;177;182;188;189;191;214;219;220;226;231;235;243;249;261;268;271;272;278;279;280
"clinical+composition+spatial (log O/E, sensitivity)",2,1,224,56,12,0.05410070405906254,0.05410070405906254,0.7608546877087214,0,0.6806930693069307,10,11;17;24;38;40;45;46;63;67;71;78;93;96;101;112;115;123;124;128;134;139;154;155;157;163;167;171;184;192;195;200;201;202;205;207;210;212;217;218;225;232;242;244;247;253;254;255;257;260;264;266;267;270;274;277;283
"clinical+composition+spatial (log O/E, sensitivity)",2,2,224,56,11,0.05130894831451297,0.05130894831451297,0.7956553019999307,0,0.7009803921568627,12,3;5;7;9;10;18;31;32;34;36;43;50;54;55;58;59;65;69;73;81;82;85;90;104;108;114;137;138;140;142;143;145;146;148;150;166;168;170;178;179;181;185;194;197;199;203;211;215;221;228;234;241;250;251;258;282
"clinical+composition+spatial (log O/E, sensitivity)",2,3,224,56,11,0.038966437348221104,0.038966437348221104,0.7095113969517722,0,0.8957055214723927,13,1;2;8;12;13;14;26;27;28;35;37;42;44;51;53;61;68;70;74;80;87;106;109;118;126;127;129;130;131;147;151;158;159;162;172;173;176;186;190;198;208;213;223;229;230;233;240;246;248;256;263;269;273;275;276;281
"clinical+composition+spatial (log O/E, sensitivity)",2,4,224,56,11,0.05109653758278853,0.05109653758278853,0.7533075827825435,0,0.746268656716418,11,15;20;22;23;25;41;49;56;60;62;75;76;79;83;84;86;95;98;99;102;107;110;113;119;121;125;132;133;136;141;144;156;160;165;169;174;180;183;193;196;204;206;209;216;222;224;227;236;237;238;239;245;252;262;284;285
