PID,time,event,clinical|seed0,clinical|seed1,clinical|seed2,clinical+composition|seed0,clinical+composition|seed1,clinical+composition|seed2,clinical+composition+spatial|seed0,clinical+composition+spatial|seed1,clinical+composition+spatial|seed2,"clinical+composition+spatial (log O/E, sensitivity)|seed0","clinical+composition+spatial (log O/E, sensitivity)|seed1","clinical+composition+spatial (log O/E, sensitivity)|seed2",random baseline|seed0,random baseline|seed1,random baseline|seed2
1,33.0,True,0.4543224523805662,1.1518556067673338,0.059648309756510386,1.200198407372956,1.696215122889548,1.1544600075129416,1.200198407372956,1.696215122889548,1.1732789692335488,1.200198407372956,1.6966378331743779,1.2118298436863186,0.1257302210933933,0.345584192064786,0.18905338179353307
2,101.0,False,-0.09921971701592572,-0.9912753163261647,-1.1854578031423793,-1.0060350615120757,-1.4071548553816444,-1.1328836918375444,-1.0987049824250255,-1.4071548553816444,-1.3376373305802154,-1.1460331704822773,-1.3229734279525793,-1.3590914531480554,-0.1321048632913019,0.8216181435011584,-0.5227484414807474
3,23.0,True,0.25783523617687343,0.14558826904198088,0.06519838293318728,1.9490252510257047,1.886185821955939,1.257658489457521,2.1512260488652997,2.1445021302635867,1.0607488723250056,2.3194426339131216,2.6200452224803388,1.0403503031971597,0.6404226504432821,0.33043707618338714,-0.41306354339189344
4,63.0,False,-0.41432960201619373,-0.26170063035874097,-1.6089177709729694,-2.5154590411471656,-2.202966719348499,-2.307187403237647,-2.0875135318182343,-1.9968886785347475,-2.307825329238865,-2.0365516133605226,-1.8298350105764096,-2.307825329238865,0.10490011715303971,-1.303157231604361,-2.4414673826398556
5,79.0,False,-0.09835220159825658,-0.8985399327678443,-0.4522982048855589,-1.8893369975955685,-1.2680390991316288,-0.9698482911480167,-1.9519351347858218,-1.2680390991316288,-0.9686986926710944,-2.386766701908984,-1.26839792465083,-1.1285096935433139,-0.535669373161111,0.9053558666731177,1.799707382720902
6,79.0,False,-0.3225601647187325,-0.07903944222059842,-0.11337864514424706,-0.26343497689597944,-0.3241611406054134,0.05296499464128917,-0.23364331039370762,-0.2782113023229959,0.0716228487399719,-0.3042082483921555,-0.2826350091569155,-0.006487597854005273,0.36159505490948474,0.4463745723640113,1.1441658720372287
7,37.0,True,0.11208156879762768,0.052187734742560804,0.004996217633485673,1.389734472092795,0.9237022137090565,0.6595464337709765,1.413808056205986,0.9706654990698093,0.8750876816415339,1.1729474536826932,0.7620472108875395,0.913556890838661,1.3040000451301372,-0.5369532353602852,-0.32542283686782436
8,16.0,True,0.8322840017708988,0.3603514401462156,0.6543508055953273,1.726615535145197,1.9699916385248764,1.4071952368675933,1.726615535145197,1.783916794297295,1.315730789993635,1.726615535145197,1.9819005580935027,1.3503099473851534,0.9470809631292422,0.5811181041963531,0.7738065867276614
9,32.0,True,0.0005840462957677286,-0.00066761708127497,0.22169885285883206,0.6307004311287128,0.3550998125534449,0.4925479653492466,0.6295115476371044,0.3550998125534449,0.4927880889382558,0.7668918149679088,0.3550998125534449,0.4927880889382558,-0.7037352358069926,0.36457239618607573,0.28121066979764925
10,66.0,True,-0.05709735946236018,0.014448228912183501,-0.1258330171864312,-0.17612720628457398,0.3894650774702306,-0.4558458634475588,-0.17461949261273652,0.3894650774702306,-0.4985088972911674,-0.11145002935288065,0.3894650774702306,-0.5011179356343854,-1.2654214710460525,0.294132496655526,-0.5538228364240524
11,111.0,False,-0.37340284325611206,-0.6813647748935672,-1.1366383402135232,-1.092462244177785,-1.0463903588025958,-1.1838841112024499,-1.092462244177785,-1.0463903588025958,-1.1838841112024499,-1.092462244177785,-1.3876428921259487,-1.1893258226746177,-0.6232744625373522,0.02842224131579679,0.9775674511260357
12,59.0,False,-0.3710967722082425,-0.21008322487148073,-0.1948058851199566,-0.8430933214347356,-0.6807614600383374,-1.171140479480805,-0.930506323267425,-0.6807614600383374,-0.47147130901230416,-0.9643954920279706,-0.6809483591284052,-0.4621231236977249,0.0413259793472436,0.5467129866124469,-0.31055654665915255
13,63.0,False,-0.08704199893391801,-0.14073628706774108,-1.6037552962049002,-2.1287306884179205,-1.8895766893049086,-1.6661529149100838,-1.6917306499634481,-1.7011699974149088,-1.6661529149100838,-1.8196110472056735,-1.8670325612101513,-1.6535788267897495,-2.3250307746388343,-0.7364540870016669,-0.3288239040579627
14,1.0,True,0.0019519165085896129,0.2359199772470233,0.5013548473264593,-0.2683765864326696,0.04945390525249101,0.5102538356336034,-0.35181570906633414,0.04945390525249101,0.5102538356336034,-0.2141934429708772,0.049438403465467975,0.5132681537608458,-0.21879166393254573,-0.16290994799305278,-0.7921467553588982
15,87.0,False,0.6967683122823112,0.6187757189861391,0.592170273239964,0.9744828007105476,0.8493751059308815,0.7958886419269425,0.969328707744076,0.8493751059308815,0.7961182334723658,1.160689945101468,0.7548946022542343,0.7961182334723658,-1.2459109472530652,-0.48211931267997826,0.45495807124085547
16,89.0,False,-0.9292222536490398,-1.0090654704378064,-1.5184564560293659,-1.620375419089931,-1.4068714763218866,-1.541812933766288,-1.4809692058447115,-1.4068714763218866,-1.623524113022412,-1.5662525935935598,-1.2535418646264969,-1.6498457250526073,-0.7322673547034516,0.5988462126346276,-0.09919805171738795
17,71.0,False,0.40758979356723835,0.5182802905341631,0.22145666614292558,0.6934168060683328,0.862247229447899,0.5703058201843832,0.6767619763197713,0.862247229447899,0.5723666533224459,0.8338433093192956,0.8625142878117427,0.5944835496015363,-0.5442589828573099,0.03972210748165899,0.5452887139646817
18,118.0,False,-0.04835428330250444,-0.05487273318625233,-0.2409077185464591,0.04362186889721669,0.0652004052056882,0.1820754253391333,0.17493680534488515,0.25291414057568024,-0.27554612849560256,0.58058443760659,0.5326726856856835,-0.2829421262347701,-0.31630015636915454,-0.2924567509650886,-0.6071856998706371
19,195.0,False,-0.08489187175802938,-0.06760597192761386,-0.09168002815234974,0.013660746227649226,0.4101018106597239,0.03777601414885297,0.09614743850631681,0.06799150145239195,0.057897966681228444,0.06577341405758555,0.6955124843247379,0.13166101043400988,0.4116305363741328,-0.7819084623568421,0.12682784711186987
20,118.0,False,-0.9292222536490398,-0.12069332478626524,-1.3177340198199317,-1.4404742544294724,-1.3607000721285598,-1.4172263358371153,-1.0326603311635199,-1.3607000721285598,-1.4172263358371153,-0.6330819737118281,-1.3607000721285598,-1.4012668820440661,1.0425133694426776,-0.2571922406188707,-0.8922740434297903
21,90.0,False,-0.00042782791211298105,-0.10169834318809948,0.041166313400655845,-0.2173245173489021,-0.19308790752678448,0.1479262415754142,-0.29539149883140214,-0.19308790752678448,0.20992853058769467,-0.23296004780370766,-0.19309815205630487,0.24358248130720037,-0.12853466294403426,0.008142180518343508,0.8414649723701431
22,33.0,True,0.23825475602190177,-0.028044519649001905,0.0760329838602409,0.4492702324047382,0.6654561301986253,0.40415237951889926,0.5366164844419938,0.34526840489969546,0.4171493888802731,0.7094449864329568,0.7626163894351711,0.5798286164153441,1.3664634705496859,-0.2756029052993704,0.18803508698068597
23,1.0,False,0.21899514576562576,0.786770009978624,0.8429611088224108,1.330941280215858,1.215120526892031,1.2662889944322864,0.9460662046763058,1.215120526892031,1.2665681229543213,0.9053039806569224,1.2154556365865294,1.2665681229543213,-0.6651946734866135,1.2940638143982073,0.33057100813532614
24,105.0,True,-0.19114310211803817,-0.03522893692174291,-0.019590733785163156,-0.479933893715107,-0.663759730639105,-0.6217286137435999,-0.479933893715107,-0.663759730639105,-0.38870275322821163,-0.479933893715107,-0.663759730639105,-0.28340161480574055,0.3515100700930197,1.0067243153057943,0.41050391297026284
25,102.0,True,-0.26994721989579956,-0.10899344841736319,-0.7934421619594723,-0.823700035036837,-0.7007395317942208,-0.4183179976713174,-0.823700035036837,-0.7813992023385282,-0.7431197856272788,-0.823700035036837,-0.2712194640892069,-0.7412845695446879,0.9034701816518086,-2.7111624789659685,-1.0107575001533344
26,182.0,False,-0.3197052382664146,-0.8135466824325122,-0.7981048862368612,-0.8045259836105154,-1.359112931797688,-1.1870542897168275,-0.8045259836105154,-1.359112931797688,-1.1873714092690395,-0.8045259836105154,-1.3595676579496814,-1.1873714092690395,0.09401229776087457,-1.8890132459676727,0.7831809961440773
27,51.0,False,0.034732303061263646,0.0962654148824117,0.05885975815151542,0.03222943907301635,0.13644588136180866,0.23488552685745492,-0.4037195019891921,-0.159375128937187,0.02426049537474867,-0.25074825587741656,0.07254288076524502,-0.08444726113419608,-0.7434992493538084,-0.17477209205516195,2.0567028183423686
28,167.0,False,-0.32686326721647396,-0.8004728609012104,-0.9161265392713969,-1.1368980460905922,-1.5287848743265275,-1.5275462593174984,-1.1368980460905922,-1.5287848743265275,-1.5278756489617378,-1.1368980460905922,-1.5292448306648143,-1.5278756489617378,-0.9217253762584194,-0.42219041157635356,-1.6384425032355252
29,11.0,True,0.0643883340312554,0.06662294318274015,0.04636927767872744,2.1069122172704806,1.7173456830880742,1.4924495625498548,2.431411728117769,1.7173456830880742,1.4172652277934368,2.3209425462112976,1.7173456830880742,1.3642235499907505,-0.45772582566733916,0.2136429974986111,-1.7294114671544816
31,24.0,False,0.062307822593070765,0.022863258802139852,0.1474546070233041,0.17119905985601347,0.35243947436180567,0.2271998542805467,0.5726744136127393,0.35243947436180567,0.2274332680685705,0.4855263488779699,0.35243947436180567,0.2274332680685705,0.2201951234700494,0.21732193102256359,-1.50483141386432
32,75.0,False,0.03433868304362359,0.01806110442009825,0.02171776791510283,0.01119044911625615,0.22843199856376212,0.12574998420743866,0.01119044911625615,0.22843199856376212,0.4803807646360895,0.01119044911625615,0.22843199856376212,0.5511079168180583,-1.009618183538736,2.1178387550510482,0.8414588934539998
33,95.0,False,0.23900996467327726,0.234179144161392,0.40982582758963915,0.533939768011439,0.3487412316866048,0.02155374163461709,0.533939768011439,0.3487412316866048,0.2757215887944863,0.533939768011439,0.3488607459486638,0.34892930405493416,-0.20917557487171307,-1.1120207626922813,0.12871565747406846
34,96.0,False,0.6236038937094275,0.13531365656731492,1.483567859957887,1.396118467787648,1.2600239435490344,1.5239869462057343,1.2496993875179716,1.3684341177372636,1.5239869462057343,1.4030660187831383,1.4078184339339783,1.5104615130939225,-0.15922500991447772,-0.37760500712699807,1.078342440739298
35,185.0,False,-0.4812365408287899,-0.20313341938595125,-0.6166221096507276,-0.5518558972546707,-0.5889797352589178,-0.7471464383282562,-0.47085971091650053,-0.6678262509110205,-0.7473320093277716,-0.27760780658487627,0.5718555677146057,-0.7473320093277716,0.5408455846858077,2.0427716074923303,0.722430872307499
36,144.0,False,0.007589680627330981,0.016564437624359697,0.033272468877812815,0.15159835215226156,0.0762269195494457,0.14180307500196482,0.06034901462117916,0.0762269195494457,0.17734697436292454,-0.3011309371635849,0.0762269195494457,0.17704388667353188,0.2146591225063409,0.6467029962018469,0.21057181237528058
37,127.0,False,0.31256639346745324,0.049899605492750014,0.06222019115676484,0.681793413996857,0.1987375861621079,1.0027364527822828,0.681793413996857,0.1987375861621079,0.8621333796408827,0.681793413996857,0.1987375861621079,0.8017665375594837,0.3553727090399214,0.6630633723762617,0.28403814525037085
38,87.0,False,-0.42935538362057785,-0.6773073572437345,-0.7876708164570402,-0.798241920385378,-0.9290425645676351,-0.9713288812364829,-0.798241920385378,-0.9290425645676351,-0.9713288812364829,-0.798241920385378,-0.929314411626349,-0.9599468177774044,-0.6538286094183394,-0.5140063716874629,-0.16976049772313542
39,115.0,False,0.1580269245273573,0.40783173519854365,1.5833599577863928,1.5999053353009918,1.5383294529777984,1.6815865199892122,1.8395875215870228,1.5660244603993572,1.9181030519203437,2.079436523012864,1.8813506436385454,1.9261262003464197,-0.12961363369276946,-1.6480751708556527,0.8684602112115102
40,110.0,False,0.21902512282562753,0.013215558211689208,0.38492759436849344,0.29935658391257314,0.2827493416838007,-0.08024468092223286,0.1615403818814375,0.2827493416838007,0.25036501921708293,-0.22454205741959496,0.2827493416838007,0.17659245642159443,0.7839754700613295,0.16746474422274113,-1.1297159617807548
41,14.0,True,0.6150185718016682,1.2394924942606944,1.557051160511691,1.6767926767967711,2.1810405059380944,1.6648174620424234,1.6767926767967711,2.1810405059380944,1.6648174620424234,1.6767926767967711,2.181806538717579,1.6683637026337963,1.4934311452207607,0.10901408782154753,-0.4218588261783162
42,189.0,False,0.0317195448120316,-0.0060510850242377345,0.08433967885724608,0.096604886281962,-0.002529549812445442,0.11166907846437671,-0.04897194446138773,-0.002529549812445442,0.11171067859079288,-0.24276877176071382,-0.7947636153414523,0.11171067859079288,-1.2590655321041202,-1.2273520542445742,0.2429388530987352
43,55.0,True,-0.22055696927882468,-0.02355529882766131,-0.22699121188708274,-0.49168839771050254,-0.46911715949014365,-0.5938509005284219,-0.5043943021168366,-0.46911715949014365,-0.6141822071191056,-0.6091647674648724,-0.46911715949014365,-0.651339187637232,1.5139237747390626,-0.6832266617805622,1.8014208584493328
44,108.0,False,-0.6899277491245727,-0.7445345478997482,-0.10569829494645902,-0.8536857969151068,-0.944850160322783,-1.1587695803376754,-0.8210556163467906,-0.944850160322783,-1.0981508523914516,-0.654712110630408,-0.3910358084408428,-1.063113864438517,1.3458754237823045,-0.07204367972722743,-0.7644641157203993
45,63.0,True,0.5283864050563614,0.10612203772498768,0.8273978984381265,0.5166738374152803,1.026626234050274,1.0323161360515152,0.561394878742119,1.026626234050274,0.9141275789693608,0.6944485862662306,1.026626234050274,0.9403575270604397,0.7813114007004275,-0.9447516230607774,-1.0790604591369424
46,74.0,False,0.9705142360397072,0.2345052256339046,0.17800012463891304,1.9461087931062722,1.3775441021913228,1.3512313205793054,1.9461087931062722,0.943057214780225,1.6551963789502016,1.9461087931062722,0.6215248805360355,1.7360705891093702,0.2644556303293035,-0.09826996785221727,-0.5632871985040379
47,4.0,False,0.092134506769246,-0.16744815939198954,0.010251779588964574,-0.03298190308979596,-0.6262958880724984,-0.5082501272109362,0.28703229108734984,-0.6262958880724984,-0.49921295066029814,0.5291587333128847,-0.6264651079108081,-0.6092585052615511,-0.3139228145364278,0.09548302746945433,0.9692722011381628
48,2.0,True,0.319152645415082,0.8669556858063935,0.7736363820732087,1.222682910930764,1.541025627738793,1.3173525731932278,1.222682910930764,1.541025627738793,1.3177432054419627,1.222682910930764,1.54155923335937,1.3177432054419627,1.4580206835369587,0.03558623705548571,-0.23500550689182578
49,107.0,False,-0.6473293663584448,-0.06111132628965888,-1.1344299801062696,-1.3277132008438268,-1.44286236351377,-1.1799761402026194,-1.3946941046370736,-1.44286236351377,-1.2526326583600185,-1.142803746985783,-1.44286236351377,-1.253316121898979,1.9602583164499647,-0.5062916583143148,1.324347019236957
50,15.0,True,0.10054240149490484,1.0770847393052652,0.6066379138247665,1.709533416432921,1.605736336674609,1.6550655246326271,1.7903296400388733,1.605736336674609,1.6194161551283677,2.2836795375378665,1.5964972505001567,1.6849519224338363,1.801634869866125,0.5937480717858228,-1.872529517606024
51,143.0,False,-0.11268438919892013,-0.058249759958350085,-0.45633371166695813,-0.5922957751985319,-0.35884171146818716,-0.5428184734580328,-1.1609144986174655,-0.35884171146818716,-0.5428184734580328,-1.1869782227105692,-0.35884171146818716,-0.5662862547374253,1.31510376473437,0.8911669542823284,1.128523141900478
52,42.0,True,1.1523583082922952,0.1615950084712469,1.6746373361281797,1.8369264570588795,2.109105077029322,1.7168814433869701,1.856306374166786,2.109105077029322,1.7168814433869701,1.7894318418059905,2.109105077029322,1.7196670881245701,0.357380410658956,0.3208483045665637,1.0348662399295387
53,175.0,False,-1.0818759641747118,-1.3365846764603109,-0.7010323453827635,-2.023489527195897,-2.066855133272696,-1.7647797354434491,-1.9698895836707435,-2.066855133272696,-1.7508235971469457,-2.0094456043913467,-2.0675956789566396,-1.7100659850099114,-1.2083186322821715,-0.818230227390307,-1.4186656898014849
54,7.0,True,0.145353479683839,0.6465242763367801,0.4746227349910795,0.8099549953434515,0.9936124682014239,0.5806645765481948,0.8254229157814896,0.9936124682014239,0.4834360670219988,0.8985788819091655,0.9032485145243043,0.49007597910949,-0.004454133120083229,0.7316522837854408,0.15358188653595775
55,114.0,False,0.19236006742240336,0.062417861869986525,0.5109170834211105,0.6266924106725847,0.5580547481106607,0.8063781627712955,0.6266924106725847,0.5797048314047089,0.806542409457933,0.6266924106725847,0.599348720582929,0.806542409457933,0.6564749350763358,-0.5014400184670523,1.2157576351945363
56,90.0,False,-0.08895410924431124,-0.22458424114026612,-0.7658601088781001,-1.6143306524227277,-1.0790626209033798,-0.7492658654153741,-1.3758097881515237,-0.8349316521804028,-0.7492658654153741,-1.3811810769959905,-1.3763561709662713,-0.7529470648522735,-1.2883614637495544,0.8791606182879853,0.08791904230952238
57,130.0,False,0.016585684406994306,0.019509868014915284,-0.672792614690856,-0.2165670498817472,-0.15232025131777593,-0.6543523307353676,-0.13919611849474034,-0.15232025131777593,-0.6543523307353676,-0.3511433111745563,-0.15232025131777593,-0.6556479112658898,0.39512206018200824,-1.0717874168774442,0.99970142215178
58,181.0,False,-0.061377056420510175,-0.03273691780843346,-0.11541569784084219,-0.2998078236754955,-0.06555476584606695,-0.19472237477034618,-0.2998078236754955,-0.06555476584606695,-0.19475929248172577,-0.2998078236754955,0.1612535297696577,-0.19475929248172577,0.42986369482223,0.9144672031287812,2.3748869133171437
59,53.0,False,0.03305259744166681,0.0331839705927415,-0.49965684988039083,0.8649508947822152,-0.06340535662079846,-0.5948815142647793,0.45729463282346705,-0.06340535662079846,-0.5948815142647793,0.5981598396022946,-0.0008179340762375079,-0.5868837814340283,0.6960427239628685,-0.02006345461548042,0.2739322545923299
60,75.0,True,-0.1438535529707159,-0.020866633421749492,-0.024131093764984006,-0.06407190105426973,-0.5259495141627287,-0.39240304925679403,0.07609377861450821,-0.5259495141627287,-0.40918670799954165,0.37804211612995686,-0.5259495141627287,-0.3867766300247008,-1.184117966757189,-1.2487488903344155,-0.2803823139429379
61,39.0,True,-0.10531897411214758,-0.008280319220097166,-0.37557579093421817,-1.6767023537866743,-0.6163367541325324,-0.6091728632744672,-0.9491884011721504,-0.6163367541325324,-0.6091902721785762,-0.7554210769158076,-0.6163367541325324,-0.6091902721785762,-0.6617025720390349,-0.31389947196684775,-0.7710521598195307
62,101.0,False,-0.09114492064303717,-0.1421847827168663,-0.11251532705029121,0.2672489888716018,-0.04808956387017561,-0.010235809648128607,0.1889535995926335,-0.04808956387017561,0.005422873442478028,0.15800527071195483,0.3787558705585707,0.08138805301633927,-0.43643524714322124,0.05410227877154389,0.6480646015444852
63,89.0,True,0.009932790744027262,0.02425297958828508,0.21633623227782225,0.6852852276328064,0.8698019805534779,0.7763936442016973,1.1119146136663784,0.8698019805534779,0.7885282643905513,1.0669956070879703,0.8698019805534779,0.8610815412952801,-1.169801907772864,0.27279133916445375,-0.19673006635772372
64,50.0,True,0.038092896111360415,0.20901155112954586,0.10718545381436473,0.5124034408968647,0.27254926490480197,0.14072264378258553,-0.5344848681137503,0.27254926490480197,-0.03896081349496002,-0.12806814555178284,-0.14539538597572993,-0.04221250273043301,1.739367877130134,-0.9821881249409777,-0.17874637079406783
65,130.0,False,-0.04950933057674549,-0.08230522628337011,-0.08977797036703622,-0.5153388982517549,-0.09815538997309689,-0.04609705521061123,-0.3327959414802405,-0.11609410525721235,-0.04609705521061123,-0.23107660013951284,-0.2785100238196335,-0.04663364543913011,-0.4959107284421519,-1.107373047165193,-0.1052597784150319
66,32.0,True,0.03027944742073692,0.08116636607023647,0.2554410831261817,0.09898214734192075,0.1834870829485989,0.2974396425614159,0.1949935618501469,0.27855829553679656,0.2974396425614159,0.3870180199506414,-0.28508224989793385,0.3088283464423871,0.3289696294602021,0.19958453284708083,0.6498696525854939
67,8.0,False,0.4502820087825447,0.7643457300878949,0.9222569076272774,0.9565266925740706,1.1114457621788778,0.979247748022231,0.9565266925740706,1.1114457621788778,0.979247748022231,0.9565266925740706,1.1789294243954886,0.9792550172389467,-0.258572545473924,-0.46674961687980204,-1.0663396121649127
68,169.0,False,-0.4854945495869461,-0.7270064710901857,-0.9584018357715142,-1.2427912817075502,-1.2706831017534068,-0.6166858053559435,-1.2427912817075502,-1.2706831017534068,-1.166986959375721,-1.2427912817075502,-1.2711987334671901,-1.2096363431288237,1.5834728788021222,0.23550561173022522,-1.5298764906705564
69,110.0,False,0.1105200586395898,0.02843310792975376,0.008978140665656486,0.8591366324266024,0.9155169449399678,0.7823140063591554,0.9925465627016941,0.9155169449399678,0.7003479025029695,0.9300088284027391,0.9155169449399678,0.6917062081353892,1.3203609870818391,0.7595195224783792,-2.4338766971489387
70,97.0,False,-0.019375098189601037,0.013447691738054953,0.05115382806790974,0.34540146578494585,0.2995327622532304,0.3507392744746143,0.28771898690530606,0.15448871833031963,0.3730624386197609,0.12060988132103413,0.48615177216569766,0.27277149882040413,0.6333526228249152,-1.6487873663509485,1.1986708993900783
71,27.0,False,-0.04244641426991983,-0.0924879476449055,-1.0782942517722711,-2.640491858223476,-2.0595912228314375,-1.918636486328575,-2.5186653998951285,-2.371473141572971,-1.9193328981596502,-3.0794430525811975,-3.264181183032509,-1.9193328981596502,-2.2035098806466507,0.2543881165176173,0.07379335958326627
72,186.0,False,-0.5074467331724689,-0.05607295179636587,-0.6377514180484761,-0.6847425771576167,-0.9285441542051396,-0.8457876250033659,-0.7692809532454729,-0.9285441542051396,-0.8458195354493298,-0.8783831888317511,-0.9285441542051396,-0.8458195354493298,0.05202897425988651,1.2246469675357323,1.5101194131223459
73,68.0,False,-0.969978508770819,-0.1268656840424301,-1.4449767180930513,-1.6583842392835508,-1.6104170330668701,-1.4267947670100094,-1.8037560993193515,-1.6104170330668701,-1.4267947670100094,-2.0436486257642326,-1.6104170330668701,-1.436126599221765,0.6836861907765345,-0.2975268443704732,-0.00895629811039896
74,72.0,False,-0.4286982178948313,-0.07066610497216619,-0.4420452875411268,-0.5062277105971864,-0.6902953224229708,-0.42456970355437285,-0.5199279299872344,-0.6902953224229708,-0.42451575096228805,-0.6987595972602517,-0.6902953224229708,-0.42451575096228805,1.0039615758421696,-0.8108145832375699,-0.7421554551991772
75,35.0,False,-0.36341764037121865,-1.7122529672106364,-0.13891738888585556,-2.2840820061957037,-2.6628730603910995,-2.1874153151663593,-2.306636359160614,-2.6628730603910995,-2.1275560286833075,-2.915768224357007,-3.568972602431407,-2.1672020518865467,-0.6179070447076008,0.7522438271795928,0.477929298799656
76,83.0,False,0.21968313752902432,0.07066466127691481,1.164356987124425,0.9908386259421793,1.2700620090736976,1.2753680940275702,1.343454390387037,1.2700620090736976,1.4753363315104806,1.4971876922859069,1.2700620090736976,1.4507990550988168,1.8220113633283233,0.25344651620814146,-0.07658841293719656
77,33.0,False,0.132234639251651,0.14694141953711984,0.1499275175765186,2.422401484669999,2.070985782458708,1.8906279369409817,2.2640444973499187,2.070985782458708,1.9950355162729339,2.2770732939707137,2.070985782458708,1.9525274772465386,-1.3204309700132935,0.8958830707775604,-1.2541866619736308
78,61.0,True,-1.1209721205834224,-0.925272039638124,-0.9296038448693041,-1.8681143087412793,-1.4605688078204158,-1.4735317301428166,-1.855553762334672,-1.4605688078204158,-1.473710265467217,-2.1030777101912133,-1.4607744643078688,-1.473710265467217,-0.6615280218152191,-0.3452157100512797,-0.885066581450772
79,65.0,False,-0.8197581957245518,-1.138269276112546,-1.1354404708202792,-1.3797744114671515,-1.6681610346369105,-1.6939503030781713,-1.1279145863843125,-1.6681610346369105,-1.6942818199194587,-1.163406364663711,-1.6685327333102409,-1.6942818199194587,0.9350499881140221,-1.4818182737222112,1.766779317484588
80,76.0,True,-0.5558145617290625,-0.16190692732671938,-0.1087664472538668,-1.0532242679594697,-1.1825581058319756,-1.3465898265229086,-1.0532242679594697,-1.0156400308293811,-1.2487506119584062,-1.0532242679594697,-0.8072895566292803,-1.1881048062915927,0.049054613825311656,-0.11001076471125099,0.3543505953235256
81,89.0,False,-0.01778848084892818,0.04127088088239637,0.061206916206114834,-0.31488810286340657,0.30094219294354285,0.1021162835046616,-0.12703389414350344,0.021660297872741943,0.1021162835046616,-0.298796750207665,0.7482809792648549,0.10078893767646895,2.002392583645255,-0.4458281530112322,0.4163865350301778
82,58.0,False,-0.47621754287207546,-0.34830526796479255,-0.07745442146461541,-1.0131267121178296,-0.9180500399566308,-0.7609012994202263,-1.0888873516531479,-0.9180500399566308,-0.748201573763327,-1.1398736164928889,-0.9182891299134835,-0.8655231200932352,0.18851919251246557,0.7753238220475741,-0.27655171832101155
83,115.0,False,-0.09221674328113591,-0.0388755190185924,-0.2801354925013406,-0.9376653002268832,-0.4236770936517719,-0.6739885756500887,-0.5782830781744146,-0.4236770936517719,-0.6403083305509151,-0.5528411353413432,-0.4236770936517719,-0.7016021542448809,-0.6331940901922267,0.1936328483771538,-0.6897195637660919
84,84.0,False,-0.06998311783410831,-0.20303530433279823,-0.0981336913886885,-0.17046217089997803,-0.4011751289056363,-0.509261096317393,-0.17372425415028386,-0.4011751289056363,-0.45368687061832,0.0017946083751023611,-0.24885328174764576,-0.39828303255718295,-0.37756350523280824,-1.6308492324351012,0.8916558155709342
85,75.0,True,-0.038863369067507016,-0.1710122810153781,-0.47267492746012196,-0.6185839139925746,-0.08991599967660356,-1.1244110026165517,-0.6545290026530302,-0.08991599967660356,-0.7630290161972444,-0.3242407343907712,-0.08991553031713977,-0.7385927326342354,-1.0911461176191954,-1.1951630801031998,-0.10462645267369168
86,44.0,True,0.1058270316687487,0.03238671141394573,0.2944135130573005,0.37275419669502924,0.37609316182327246,0.24723649687256485,0.37275419669502924,0.34575726962757375,0.24723649687256485,0.37275419669502924,0.4701618653085203,0.24948358959556938,-1.277680166386608,0.8837890365872553,-0.7591081117479301
87,13.0,True,1.0778533788825972,0.48094899423864723,0.7976014560499278,2.0194113928323634,2.1054328755028444,1.5033743246984883,2.0194113928323634,1.9004796953020608,1.5056944036628948,2.0194113928323634,2.4701032539007706,1.6450450610195424,0.6304114907682319,0.6797650174178466,-0.13412851934954786
88,121.0,False,-0.9411445709705579,-0.9628014194633361,-1.3599541680505682,-1.296224533244675,-1.3579027287700707,-1.367408569290724,-1.3266819453823164,-1.3579027287700707,-1.367408569290724,-1.3421980737073598,-1.5174261393128443,-1.3692139019044165,0.5811658124128057,-0.6402433659084887,-0.9056060167223513
89,95.0,False,-0.05041212334913907,-0.0007617696466750293,0.02985277605956793,-0.45946371640086214,-0.6464047013264016,-0.17416205262193402,-0.45946371640086214,0.2378414018859313,-0.12430555262750155,-0.45946371640086214,-0.352763643536816,-0.19377468890180177,1.294558819441117,-0.001048796567280681,0.19004583859111193
90,1.0,False,0.5533640903747451,0.5720743452201652,0.31533839929247426,0.8930579590506043,0.7912880210636177,0.681765310485887,0.9075313882276703,0.7912880210636177,0.754115090467843,0.7517369486519818,0.7915335372044824,0.7862221512140375,-0.7546057912599311,0.4455735537761861,1.12922763006904
91,195.0,False,0.21162450187524456,0.17054207169041058,0.06201599565255607,0.41648092545844445,0.3774266722919764,0.3829152225372271,0.4080823803572921,0.3774266722919764,0.28163640050945105,0.2817577381086083,0.10366084717196046,0.11820587913411287,1.689107452443673,0.4684043358472779,-0.8360851661432465
92,99.0,False,0.23493029558559542,0.08222691198408591,0.31319989600578974,0.16189003749048908,-0.06182323729165575,0.3499120607018211,0.08030704469196419,0.28865389518531054,0.3499120607018211,0.29520102679821103,0.4659441606807939,0.35766986983171695,-0.2873877078086663,0.8762421961143501,1.428544005170784
93,12.0,True,1.1407819806116921,0.20350030029834376,0.09610711449840023,2.21208899975789,2.4788136671700505,2.111244826410496,2.003373326364305,2.199761815511776,1.8502602479468209,1.6673870303049392,1.5533889913001666,1.747171503153996,1.5744082788445868,0.256485627221562,-0.6676199486614574
94,68.0,False,0.9741208211353082,0.9843659408138167,0.568199116222026,1.4621293071537536,1.7336961320844273,1.635917755991608,1.4452517568334091,1.7336961320844273,1.6237085099844664,1.3084729378076698,1.7343666227562209,1.5326423166448622,-0.4327858471825968,-0.09482833896849817,0.15341216272393984
95,152.0,False,-0.3165597580898578,-0.07274300774924466,-0.19961507659386765,-0.43347435955484637,-0.39118496259039126,-0.389873142574475,-0.3648946035514866,-0.32609222355858647,-0.37959887208726867,-0.28811406774110415,-0.08754588050965567,-0.2611637017452586,-0.735483292342275,-0.25884806478784556,-0.8363865253041882
96,181.0,False,0.7570353431582267,1.0022562659575027,0.08832874396580714,1.5655658709743352,1.6612455925952916,1.8245630129525525,1.8668568512352193,1.6612455925952916,1.514721636911916,2.1651970800981237,1.6619051629351191,1.450753679166823,0.24978537155866684,1.0557428005332512,-0.22223516635433505
97,107.0,False,0.05269078809899107,-0.004535410669038351,0.5157666964260259,0.7705956506876496,1.0452485303360732,1.2981760682218613,0.7705956506876496,0.8396558609078596,0.8757378856903326,0.7705956506876496,1.0230908463452895,0.8526986967628382,1.0314530848694723,-2.2508542750785376,0.047404412494126226
98,99.0,True,-0.1725061076262087,-0.10155288924759365,-0.3656737267368586,-0.6803729195065729,-0.783974242299732,-0.6871240279216878,-0.6803729195065729,-0.8248913396192568,-0.6874277650371129,-0.6803729195065729,-0.8716889812584414,-0.6874277650371129,0.16100957671534466,-0.13865532509133732,-0.4346849461734271
99,80.0,False,-0.5281827944022596,-0.049720721916579516,-0.33249199167348553,-0.7825875388389345,-0.3165536347908032,-0.37620622253847175,-0.8215131497027337,-0.452600572643641,-0.37623944742036747,-0.9198659592601047,-0.8339505122198049,-0.37623944742036747,-0.5855288241233366,0.03300010398406011,-0.7028878955725052
100,171.0,False,-0.023344090676040766,-0.042129581938133216,0.13437556006981144,0.7972906203240689,0.11285276490582509,0.09064866082015552,-0.05095507353018824,-0.0681349181736281,0.09064866082015552,0.4820085354787371,0.4222464766798712,0.08255715338995859,-1.341219714076669,-1.4253489608701877,-0.6778861906636612
101,135.0,True,0.5951986511699107,0.09240657547075146,1.1010372922479137,0.8350359765844595,1.0094878368481284,1.704431008330195,0.8809136757931215,0.8405033652932534,1.390281989783183,0.8849615721065752,0.782008814787099,1.37034576736661,-1.401520214917428,0.33281361313804664,-0.8211599492508597
102,38.0,True,-0.13632872699812495,-0.0394822424707602,0.00029845703096417764,0.06333437186705572,-0.10043538925181207,0.2205876706550348,-0.0022517498011756136,-0.10043538925181207,0.29479040364105635,0.10539554808565368,-0.10043538925181207,0.2906075099715047,0.5026828498748657,-0.651281012443394,-1.570079992924429
103,12.0,False,0.3359847649570887,0.08793924699908721,0.2850770741120518,0.6443366315394811,0.5950810752003015,0.6212465592385451,0.6443366315394811,0.9349107825050107,0.69642045421688,0.6443366315394811,1.2560560385558293,0.7906982513272685,0.989713033285805,0.8624447963157468,-0.2629696110774594
104,107.0,False,-0.43391610897671357,-0.1317369948019053,-0.3385414019690309,-0.7767890278376913,-0.4452313564199054,-0.6549237650078163,-0.7767890278376913,-0.24890249140360785,-0.6036324715236967,-0.7767890278376913,0.4623438892457766,-0.30364087947131824,-0.1642945926252907,-0.1255920840343272,0.4011582096101373
105,119.0,False,-1.4839395840890837,-0.09644882380096881,-1.3239383541893213,-2.3833766568446233,-2.1212514825345243,-2.0698803387232108,-2.2194701339497196,-2.1212514825345243,-2.0703210739837625,-2.286501773733095,-2.1212514825345243,-2.0703210739837625,-1.0743648582284346,0.6691532407894528,0.9084019250927495
106,97.0,True,0.06287876433375257,0.07916123874361747,1.044594863946008,0.5748929260929184,1.3640127401029716,1.0556458501909298,0.5700862607052349,1.3640127401029716,1.0556458501909298,0.6821475187732821,1.3640127401029716,1.0561217559636895,0.8730421526217066,1.2188436051712233,0.6471027285461044
107,44.0,False,0.08768420089031567,0.9382944724995427,0.8411088443480611,1.3446002198061333,1.4251620046376883,1.2663357795903838,1.7875000388403828,1.4251620046376883,1.2666125569161488,1.6767352816774164,1.832209298924131,1.2666125569161488,-1.2803939447145731,0.3829295827134724,2.457336522342424
108,35.0,True,0.09241700248632777,0.3627421133300091,0.36952909610398355,0.6781551831126079,0.8122879046026322,0.7749249234713209,0.6781551831126079,0.8122879046026322,0.7752089124962834,0.6781551831126079,0.8126327651222992,0.7752089124962834,-0.7130680950592722,-0.8757211434228455,0.31868163507784153
109,78.0,False,-0.4545018821253407,-0.22257372210557147,-0.7009542961486749,-0.6920889204584466,-0.895903520171403,-0.8453874964714783,-0.5095135668155641,-0.848348871369473,-0.7548307457440568,-0.3809725163213941,-1.1161699598324146,-0.7753352768113954,0.6210178535400985,-1.5143186317046384,-0.456333893932018
110,13.0,True,0.7966228116860523,0.7452988144482464,1.4699863278971346,3.5797628901904726,3.3166914792174618,3.41847407973101,3.7151858256993604,3.536476891129298,3.4353936267986063,3.893897353915534,3.066620326236564,3.48797413125072,-2.2501411735745918,1.7533841175163727,1.8716346370160677
112,143.0,False,-0.11031050086192441,-0.026724635807932523,-0.38809117892548817,-0.14948486275590359,0.0056080471676608285,-0.37677784037289164,-0.24241733586554043,0.0056080471676608285,-0.6042039914139528,-0.06477482864633448,0.11260472062425342,-0.5532281937388773,0.38636959756630584,-0.11129219318751944,-1.0472180935940827
113,121.0,False,-0.051315629157454586,-0.06778407963599255,-0.10246508794744971,0.5483347231525699,0.1880195848887183,0.050634450072085134,0.0022362191044142435,0.09977517827300282,0.01418600704592286,0.26752187542051875,0.37354647329276586,0.011699868544933123,-0.5816408364095031,-0.6885649476343216,0.968477609522218
114,104.0,False,0.0633675652588584,0.06378023954308706,0.48133013562450766,1.0578472276184785,0.5079071554290595,1.557924761638641,1.4107628217248303,0.5079071554290595,0.7820633804095334,1.5229053535232022,0.5079071554290595,0.8057503152732433,0.10927969747781388,0.14425708806082496,-0.955144769724686
115,54.0,False,-0.013892993815541217,0.08791320745131831,-0.23705467401233826,-1.0256223473091173,-0.5828412427497187,-0.583202478084006,-0.6542331200859982,-0.46889213124532564,-0.32532643439734843,-0.683355979525849,-0.0717642914901237,-0.31908199994260256,-0.07570152622082311,-0.19141133048264922,0.35411165760150265
116,46.0,False,0.07111066028770051,-0.07036127034953105,0.04636824298591838,-0.031691820733904814,-0.17473828199083652,0.40340393552353354,-0.2766394380423165,-0.17473828199083652,0.24620974761476425,-0.48741186474998816,-0.174733701817667,0.16778004910857774,0.20211439504395987,0.8521422642126877,-1.9683967522378658
117,100.0,True,-0.7229252677117263,-0.16086563619464406,-1.1746534744000394,-1.3307754516790744,-1.1378866715629574,-1.1068327718744604,-1.4907386490201178,-1.0848386060316308,-1.2445166221360924,-1.3868737634779325,-1.2889531115367563,-1.2424510223066896,0.6941719367070082,0.03392818243710029,0.8992737076506074
118,53.0,False,-0.6052620107311508,-0.1753590015577406,-1.2460938512992583,-1.198331818803787,-1.2782705084310049,-1.6083708797946215,-1.198331818803787,-1.0663238783714548,-1.1903594483675721,-1.198331818803787,-0.8463361421982891,-1.178648280441498,-0.7583697508984092,0.013749583618419497,-0.15824761527156533
119,61.0,False,0.05546812293947779,0.16046816211457984,0.6340644955318622,-0.22704333590086503,0.6193917538299574,0.9011553231634157,0.159145778385412,0.9313472093664691,0.9015563393843239,0.1349701032340269,0.15455003202618067,0.9015563393843239,1.4209820223119163,-0.7145797210329641,-0.967681471724209
120,172.0,False,-0.07219076668008875,-0.6359609625695751,-0.07581862977383164,-0.5332279345199661,-1.0146463383526023,-1.085041648471949,-0.6794492278919119,-1.0146463383526023,-1.181083230034255,-0.5142416426083184,-0.8936511293611907,-1.2216802278415442,0.726093788947765,0.4695680987474934,1.6784190387621596
121,63.0,False,0.5070658592841694,0.21629930487657167,1.9659947527130264,1.218051388274821,1.7192506919930686,1.891637662104401,1.4881448022918065,1.7192506919930686,1.9711233110423012,1.566546936493642,1.7192506919930686,1.9803466278134547,0.843732662303268,-1.0338667223549824,0.7653546837661211
122,58.0,False,0.1748324928606803,0.30587119136338436,0.20305406476239596,0.5854194062449624,0.5218035411785475,0.6814392003955315,0.5854194062449624,0.5218035411785475,0.6915032958074635,0.5854194062449624,0.4995304704159002,0.7542278440714816,1.1648639811110282,0.6658894397639671,0.04580783577937577
123,47.0,False,-0.8125368527514677,-0.17053968026109598,-1.3555454938884874,-1.4361439792023416,-0.8385638102088435,-1.1193625859189509,-1.0441713809289335,-0.9924542601527473,-1.3141076567875343,-0.6191818559680069,0.08599297912239484,-1.2721340970107853,0.7875882217058694,1.5239375129901318,-0.7454433887901278
124,57.0,False,-0.040372202861972704,-0.026227195695453315,-0.7662844115946135,-0.6288783066962644,-0.6970298368036706,-0.780202774024737,-0.6288783066962644,-0.7800773914271502,-0.780202774024737,-0.6288783066962644,-0.9398207118857189,-0.7705326823856079,0.844078680578592,-1.5246860380991518,-0.04336259016175258
125,17.0,True,0.0002028555261454493,-0.026023125438439813,0.20914830506184573,0.6397900282084567,1.0267769282094221,0.5883518689890725,0.6397900282084567,0.7192910855211165,0.5885572993890008,0.6397900282084567,1.6833432509344852,0.5885572993890008,0.07559361074288512,-2.466229231351318,-0.16392876295519593
126,95.0,False,-0.010815976484384017,0.11387927154326104,-0.09000918034577288,0.5950841495527639,0.24735862639334927,0.13952307629283725,0.46239002629888676,0.24735862639334927,-0.007578569077534056,0.22205564065417585,0.28438718130490787,-0.035952071672437434,-1.4267738509897323,0.6168787551543194,0.7247764935410931
127,64.0,False,0.016753718117429945,-0.3985746189967196,-0.9137046136700298,-0.16990519151781378,-0.922539375057367,-0.9940263100208047,0.037237684970630715,-0.922539375057367,-0.9940263100208047,0.33252739921754176,-0.27216660440917867,-0.9759602603241047,-0.13504510003701392,2.547897815483126,0.7980751811597928
128,44.0,True,0.2513738706847994,1.074359703457412,0.05752970062437917,1.647496840731279,1.6013794794581022,1.0287160289268356,1.8953610253676156,1.6013794794581022,0.9687306521058685,1.9337297584282163,2.1317340829773475,0.8986253195708674,-0.7695146401767057,-1.0009248488718936,-0.6677563797627329
129,44.0,True,0.4655605015077818,0.46166337766874627,0.3112730470864077,0.6873510687224293,0.3373963976241809,0.1706491851879098,0.7833864682172264,0.3373963976241809,0.17061683161574062,1.1491816688728633,0.3373758825797095,0.17061683161574062,-1.4227417685154136,-1.2506957588019882,-0.5493705607570516
130,86.0,False,-0.13697614326715477,-0.365394156673332,-1.676755693220644,-1.7639334616831261,-1.7533056498801427,-1.7808408138733167,-1.8707208493150247,-1.727636989982714,-1.9036641574815107,-2.1463250279771704,-2.0201168074290003,-1.8966379625622707,0.25845279091298756,0.5889689337804737,-0.5320653277786109
131,75.0,False,-0.2524149516036882,-0.9748704593147045,-0.5256199432756035,-1.1615232321742617,-1.4833468295044303,-1.2594958398026816,-1.3228359182205864,-1.4833468295044303,-1.2885341720328574,-1.435672104965196,-1.4839476349512886,-1.4033040524202007,-0.5685494541476426,-0.8407215900583078,-1.3493172462579026
132,68.0,False,-0.10973818514384089,-0.047816005822132836,-0.2015735954564236,-0.01538063482011474,-0.23467953948789771,-0.14763305060589652,-0.10871053971420502,-0.23467953948789771,-0.14769184740762203,-0.20640139901771828,-0.23467953948789771,-0.14769184740762203,-1.0298044380114637,-0.5060254839367364,-0.5915748828912161
133,21.0,True,-0.09612106142080529,-0.8457400448566235,-0.2645152014608312,-1.4411288301044103,-1.6251181952348572,-1.1901314925989246,-1.0047301624542846,-1.6251181952348572,-1.1303158122078905,-1.2390297610486087,-1.6255443175631794,-1.0422335279743473,-1.0430010800715654,-0.34811746668377785,-0.09240806520639366
134,61.0,True,0.009449951485438191,0.0159139651330697,-0.4566857136187985,-0.8818747413018476,-0.6331363032576998,-1.0339044041508891,-0.8399252351236774,-0.6331363032576998,-0.7852249759727304,-0.7984691628094851,-0.6331363032576998,-0.718581447394787,0.26841707970891465,0.5320020862917986,0.6909519446056412
135,37.0,True,0.5194203820760617,0.6998807519580229,0.37921148115064546,0.8611140014421378,0.8194153933760991,0.6341598904482885,0.8611140014421378,0.8194153933760991,0.6522621260088559,0.8611140014421378,0.8195050422088417,0.7559806463926089,0.35867194917034445,-0.40530236139311865,1.3203794893667786
136,97.0,False,-0.047858996750437297,-0.028420675799649523,-0.1561106608184856,0.04463072157014882,-0.06434610320849599,-0.13358184206209786,-0.26648422888854645,-0.2813376218995393,-0.13347746227557442,-0.36320703890078854,-0.32228002814003753,-0.13347746227557442,1.3224574697668332,0.2778828400801602,-0.8083458775593314
137,1.0,False,2.2313470706560876,0.6220663609127081,0.21475082070113874,3.186765208898723,2.3337510421159178,2.3288435384915993,3.214738393222162,2.476918593309937,2.188214027190765,3.2844294121265922,2.055184517670256,2.1121704087409885,-0.013914668524093734,-0.17653325889357535,0.5509765318813011
138,77.0,True,-0.07668504495760863,-0.029093219709128353,-0.010208889914706552,-0.16529366570053658,-0.22514119348327175,0.0570449095659678,-0.6707134426164204,-0.5773868320902739,0.0570477495100302,-0.5448226490246995,-0.3577860877127273,0.0570477495100302,1.0418397592128221,-0.8446711036516033,-0.44445682570554373
139,84.0,True,0.023350093776187707,0.20695503978891172,0.004289051095067603,0.17564966659934653,0.34825555724783047,-0.28328989790284553,0.3085666178142853,0.34825555724783047,-0.003587393283014503,0.3497459919986078,0.6753729909014811,0.04468435635996547,1.4022648267725224,-0.31982625774322104,2.0751877763153903
140,88.0,False,0.06364573233515132,-0.08430445742366091,0.03736260155660165,0.7775643725854305,-0.34024559940399296,0.45785907034735146,0.6188226952911986,-0.34024559940399296,0.1353119940174348,0.5554729302330524,0.5187453601226212,0.05614415331938574,1.1501656361496921,-0.9503996651679186,-0.048723544625703656
141,180.0,False,0.3204389247875034,0.2077346568945374,0.23205241893942913,0.6197205487259552,0.42736340677875745,0.5115237447655927,0.6266440464787597,0.42736340677875745,0.5118082579402061,0.49783487987811514,0.1503021357668548,0.5118082579402061,-2.3653039062769743,0.006514985869748843,0.5021269704086143
142,29.0,True,1.0193505577768052,0.2331075660993075,0.8419467502039976,1.2928688254218579,2.185967171072714,2.081356358935251,1.4142522459897993,2.2532637597898275,2.116235972457648,1.1460714467077433,1.917066302958215,2.06184261384272,1.228683719203421,-1.1238662275656366,-0.9361621531378327
143,70.0,False,-0.19267443820541255,-0.09466575505224736,0.2610360047617204,0.05894831054048046,0.13154216271950522,0.2668712388746601,0.05782393551974468,0.18455380145909345,0.2668712388746601,-0.025577248449564417,-0.06434154007346249,0.2757404498364101,0.33962000824864264,-1.092894369295243,-0.8106894642994449
144,61.0,False,-0.11165155846604466,-0.2868838567654957,-0.11992686668079036,-2.3519183000670707,-1.6341916878826137,-1.4604971886452172,-2.060787930572637,-1.202685751155013,-1.372860059355898,-2.2399387055336444,-1.8867292734126917,-1.3790170389700964,0.42377135285334727,1.4569618153052555,0.20169530087063778
145,98.0,False,0.12603303466570648,0.05535930362834964,0.08283155942694956,0.12111414162270955,0.18412817413993782,-0.02301272295004543,0.12111414162270955,0.0448996571187739,-0.05713957822905799,0.12111414162270955,0.08999338060455875,-0.08843103015570603,0.37122741773625884,-0.05318422030534141,-0.3840544504961268
146,72.0,False,-0.20833087518258356,-0.08737033819759939,-0.354045921091032,-0.46905127540813313,-0.8533799229566275,-0.6612993383100956,-0.9780803332935434,-0.8533799229566275,-0.6524328861694731,-0.9296576559214035,-0.8533799229566275,-0.761252753831692,0.3827571602707609,-0.05390202547204295,0.3532885925705412
147,1.0,False,0.7464281718908025,1.2054161449400107,1.6468040372513189,1.6466840380348124,1.7521520816287663,1.835305459586755,1.6466840380348124,1.7521520816287663,1.9413712470867097,1.6466840380348124,1.7526474098859586,2.014656899860247,0.3194142202523809,0.511536419917619,-1.5618241192857418
148,66.0,False,0.28086781202031763,0.042464347506023806,0.8048015674747468,0.6467563742624753,0.7297937694033633,0.7784446950332228,0.7412418069377023,0.832921491408511,0.7784446950332228,0.8497128129074305,1.0851392350881555,0.7760664399793584,-0.35891330853862047,-0.4208570025488712,0.662004970148938
149,38.0,True,-0.007996938633266459,0.14547816530842678,0.21746204890726803,0.3491926161043294,0.4384161259048357,0.1170227429972293,0.4335180556081396,0.4384161259048357,0.266604025082267,0.21812009424403606,0.2070060198220515,0.2630885687196404,-1.9016352983759945,-0.22853536747815809,-0.8994803577797336
150,103.0,False,0.21546472775200745,0.020449673946530945,0.30925366725684755,0.7448811585125523,0.4986147143262012,0.6428356824131892,0.8838725861545729,0.5346620594167528,0.6430869265842817,0.8432018525004927,0.46693775675588095,0.6430869265842817,-0.10891472790742324,0.4251487353319089,1.7224233963662954
151,70.0,False,0.28494893737911425,0.0642904117214965,0.1555362228564351,0.30085088066699756,0.20784048460237814,0.09642338850539671,-0.25436795484728425,0.20784048460237814,0.08683238996714822,-0.4576275040592366,0.20784048460237814,0.05084155168398161,-0.8037318485206766,0.2824158422444015,-0.28846724206797386
152,81.0,False,0.25439239343019215,0.05392407076314874,-0.23051253778749115,0.061948760209047236,-0.07442080353964008,-0.21982618180379518,0.061948760209047236,-0.07442080353964008,-0.15142459743068476,0.061948760209047236,-0.07442080353964008,-0.11727052195240603,1.0801634125378852,-1.1592967269324297,1.0972650368859622
153,144.0,False,-0.926519817853394,-0.19780327776139028,-0.6167970497959214,-1.4981135222547266,-0.9470938216966631,-1.47746467741248,-1.0633171977693563,-0.7849322474427535,-1.4424151099339535,-0.4755227128766427,-0.2677682633767144,-1.244631979427453,-0.2887665059953775,0.8333425966696618,-1.394983322863019
154,72.0,False,0.16488344062973423,0.7398039135357832,0.5864109907724833,1.0853972919282855,1.1004453149317712,0.2857204163048168,1.2023068416009197,1.1004453149317712,0.5717376491799151,1.3226705413023119,1.7114719651049082,0.6203889256918242,0.08347535610700986,-0.590434943289043,0.4289462445148908
155,25.0,False,0.37128372030199225,0.16215659875349306,0.15953699776303157,0.8467535519294241,1.9110294620880932,1.6756506418799155,1.0272941755693232,1.9110294620880932,1.7807588848598228,1.1536907522818542,1.9110294620880932,1.7676793030608697,-0.8496059556101431,-1.0560789503141859,-0.8880296507945876
156,174.0,False,-0.49489623702088925,-0.2272126664119023,-0.06183430263103151,-1.435933076206911,-1.6563950241111491,-0.8771590163676097,-1.435933076206911,-1.5704951372169917,-0.8042199815644597,-1.435933076206911,-1.572222323111788,-0.8228975242573117,-0.5106224678981267,-0.9004750699990517,-0.4868890686859325
157,44.0,True,0.4867196047269963,0.21290554503371445,0.05560047773704115,1.384555069485244,1.6296650390984149,1.0463632743049855,1.384555069485244,1.5026073034806475,1.0311850697471225,1.384555069485244,1.9403063389379733,1.0081168272672076,-0.011533061686586776,-0.3905453443553229,0.024596382191250814
158,67.0,False,-0.22052403917958746,-0.07111931690946682,-0.22565303362297048,-0.08089926394288942,-0.036671688387718324,-0.14702484355062964,-0.08089926394288942,0.07004684873681333,-0.14711420590386742,-0.08089926394288942,0.05578481936062076,-0.14711420590386742,-1.4853751842635452,1.6273002546230673,-0.3170749669346225
159,58.0,True,0.10871127048799392,0.6670406430220294,0.9083248190349362,0.883404034625953,1.229261879157719,0.7231376376695359,0.8793846823570729,1.229261879157719,0.9982545257979144,0.7142910390766286,1.2297173459436879,0.9259238797094024,0.3006851142946058,-1.1755359049207805,0.26425562514648243
160,178.0,False,-0.48164338822593006,-0.14172881598018758,-0.37960067931587455,-0.8355629416929934,-0.952631275863232,-0.7285310146162206,-0.8355629416929934,-0.8321614505389754,-0.700806435079629,-0.8355629416929934,-0.7055219837624266,-0.6319169576971455,-0.10607225344775092,0.16007589253434076,0.7476554288062055
161,52.0,True,-0.05280603846621504,0.003371187457108016,-0.03733858329007976,-0.03169127838483874,0.1788748434257153,0.2063293639771672,0.007503756117539046,0.1788748434257153,0.19983101464799993,-0.028301868242233654,-0.189204471543262,0.1510054296303591,-1.1857198050052338,-2.1378243580905774,0.6527821390898572
162,141.0,False,-0.024537882299706774,-0.45099441441910804,-0.5117214529416781,-0.5813500917896676,-0.7846167411576255,-0.772164493883306,-0.6352349725983862,-0.7846167411576255,-0.7722064275067191,-0.9940706556253599,-0.7847234483941682,-0.7722064275067191,-2.3982328653977714,-0.0015669331451969059,-0.08748148289345688
163,58.0,False,0.4909526393866644,0.08973413728562674,0.36587417934752586,0.6334503907165583,0.17081893059134987,0.42035648989947577,0.5616016054138551,0.26061501548020005,0.42054887520460993,0.48112085317296466,0.0037741641951440346,0.42054887520460993,0.513052133880305,0.8995664174760071,-1.3634305099843498
164,33.0,False,0.23245415961465704,0.09030254080280076,0.13295652646022504,0.3255524417041248,-0.048908635100699684,-0.0005249788635311539,0.6807681825404363,-0.048908635100699684,0.050162073133449954,0.6229631227239074,-0.3202313306820505,0.11074319856289765,-0.29758403894333035,-0.23666332206145513,-0.8046461065088295
165,60.0,True,0.19635987408231637,0.14708671069096774,0.03525620569268422,1.6426790284587434,1.4923553033489103,1.5004243028534612,1.6156779008620894,1.5053423847330178,1.1977685436691532,1.691961366594414,2.054069954021314,1.114857709490598,-0.5300084132181584,-0.6293549238833419,-0.1957562084777642
166,37.0,True,0.07361011769493526,0.5148451208483694,0.6074036925582241,1.401281289305224,0.7549897456274007,0.8909907681953068,1.1090887750039993,0.7549897456274007,0.8912209344957019,1.6618232181768224,0.7552216154079565,0.8912209344957019,-0.23615462985294203,0.23151106405853766,-2.121825972601985
167,36.0,False,0.1447367822042354,1.5581397487941901,0.15723852758064566,2.074460068876803,2.2796918376658337,1.9842465703640468,2.405778234853381,2.2796918376658337,1.9960348642143297,2.8024421587126347,2.823232725270024,1.9391093896976908,1.816475940881144,0.7001517511506504,0.7520805892207797
168,36.0,False,0.8468433116803578,1.409850384780744,0.7502651327529033,1.9297481755408847,2.078362208781796,1.8197337271268064,1.9297481755408847,2.078362208781796,1.8655129086985482,1.9297481755408847,2.0789368176932244,2.0689804460657526,-0.049800969059643194,0.6636575710174066,-0.23963819232902653
169,58.0,False,-0.16753858540231104,-0.13059846917484638,-0.5566293312663846,-1.082117245254018,-1.2817875974610007,-0.5360210984216704,-1.2731813092462334,-1.5214634374139828,-0.5360210984216704,-0.984302704480325,-2.035848410353962,-0.5430040056302615,0.08661926298854213,1.9724738539297917,-0.25131929860688523
170,15.0,False,0.0028840875178834284,0.23883734465217307,0.21140106177005982,-0.12901900653371648,0.524728337038573,0.3307699982143811,0.24838788282985946,0.524728337038573,0.33079786569926534,0.23083534630430433,0.524891069144064,0.33079786569926534,-1.487072869675398,0.20916747233627678,0.948376210637088
171,62.0,False,0.16882697329004054,0.08704920827818168,0.21146074397705278,1.42639270129909,0.9946090585712518,0.45753392405173465,1.1943200040473627,0.5853874757613975,0.4739024239235843,1.400215525407343,2.0015910935650676,0.7382649159009909,1.6473390663560998,-0.5924100997529326,0.6679105062494222
172,1.0,False,0.30496899733798405,0.2754666708226485,1.4902853950419206,1.493197494965823,1.1869154465794882,1.536787517598397,1.6329259091401165,1.332442946170067,1.536787517598397,1.5583333395941268,1.8950396439261294,1.5372319972352662,0.9174879834442943,-0.12597918998664273,0.22100096632251784
173,53.0,False,-0.07727267634695872,-0.14413720822790838,0.012184511251662769,-0.28898028895922967,-0.14887415427511264,-0.150473411767881,0.0057864921665926996,-0.22991638077649407,-0.150473411767881,-0.03069457338651226,-0.43061932494523386,-0.14394677134322623,1.066934867005179,-0.07249854561981205,-1.001333587233463
174,85.0,False,-0.5222528715527948,-0.08115884563901926,-0.3939360596340253,-0.7255731199551796,-0.6761207677617475,-0.37594124053549877,-1.0209940669516064,-0.6761207677617475,-0.37594124053549877,-1.2086651757531313,-0.6761207677617475,-0.37957523594918846,0.0476727312116796,0.10873738347811868,0.3104215762864059
175,21.0,True,0.36525442646333944,0.9967511650519956,1.7334460593324978,1.4669919713732291,1.2643137805217135,1.7777045196299435,1.261681470460946,1.2643137805217135,1.707115319181557,1.2909697768479906,0.9365861013733346,1.7043831840220511,0.9166547888245957,-0.03002781322943489,0.3461775385567262
176,10.0,True,1.9767353710389959,0.41471067023738495,2.3622526171132545,2.9837358278159973,3.057190205939246,2.3002858186816066,3.042918353299474,3.443849766192027,2.3002858186816066,3.3481020546797104,3.5198007064279526,2.3039850959770987,0.37094683509441023,0.1739659388962034,-0.8847733337672445
177,179.0,False,-0.6037417689457723,-0.992848457839565,-1.1360325744631203,-1.2054827829863493,-1.40586300020722,-1.2445658453505721,-1.2054827829863493,-1.40586300020722,-1.2445658453505721,-1.2054827829863493,-1.4062594678691913,-1.230838239119362,0.6131890778590062,-1.6708500606151127,1.0433118451954217
178,71.0,False,-1.064038630508258,-0.15781675926885344,-0.9282069280868699,-1.591953431146327,-0.5501682729447577,-1.2761546889144242,-1.4878814676981156,-0.7052285158605611,-1.2763439827470868,-1.301505637877897,0.2383836028863097,-1.2763439827470868,-0.1521929584082903,0.8296289560400428,0.5078871822065824
179,54.0,False,0.7158478583694985,0.6658053461384534,0.6745410859524349,1.0472722677985702,0.9423454540615187,0.644851898556895,1.0695461297102336,0.9423454540615187,0.644851898556895,1.069029444820169,0.7345063792546496,0.6418622582581904,-1.473887948041959,-0.5747392689210323,-1.969624366516231
180,65.0,False,-0.33733300787305454,-0.30180719945579954,-0.6036433796821925,-2.3026060611882353,-1.7368371584008053,-1.3930407447197797,-1.8319303181633353,-1.4365110967501786,-1.372757349105695,-1.8023808763771372,-2.1232597942772995,-1.3740092591731718,1.028854347803183,-1.1731586964470246,0.12194944967029515
181,71.0,False,-0.21532361826258586,-0.22245760547237795,-0.3660795347462951,-1.556470358992744,-0.9105916205394181,-0.7023483252098357,-1.4208370448382572,-0.7948507991121448,-0.7669072358152506,-1.3448359543755934,-1.6280338970827284,-0.964680342532242,-1.934959636609707,0.6377511596414357,-1.264697993973541
182,66.0,False,0.8123337279279969,0.07902791789360536,1.4396898186488563,1.207830342467959,1.3351377959890267,2.795817623417874,1.2926939918005869,1.3351377959890267,1.8680426624684237,1.3052771968455334,1.3351377959890267,1.8447156331387258,-0.23993667125803605,1.317326007386082,1.1363151482568636
183,93.0,False,-0.5642924367711704,-0.6557913076485896,-0.9198895814968323,-0.9510575115785345,-0.9543040977020042,-1.4780367801124565,-1.056909655932688,-0.9543040977020042,-1.2683076048895001,-1.1348380852024547,-0.9547828421635347,-1.2934402600248995,-0.20452248839966083,0.4930281494994427,0.8070279575425833
184,57.0,False,0.05658585994879186,-0.07967654508591976,0.07991324301139051,-0.6394958269284517,-0.4036360157324871,0.007847362451241145,-0.7238809101743354,-0.4036360157324871,0.19784158510211325,-0.802892952754921,-0.40376497833488,0.20978256153981126,-1.0428601409845046,0.16115931384552032,-1.1035907500633413
185,22.0,True,0.5067191615673003,0.1122381293461073,0.8780668798007449,0.49760416710728395,1.0860796922902372,1.1367468508749294,0.6577999116260083,1.0860796922902372,1.137106331499109,0.7993072597706383,1.0860796922902372,1.137106331499109,0.6131231363365798,-0.9322203053719521,-0.8848726996475548
186,116.0,False,-0.3094033959028139,-0.07933013844335013,-0.0620988090187019,-0.3575288475346209,-0.5271276304625352,-0.21177773960623905,-0.3213062099179782,-0.7031919677338375,-0.3861569573167893,-0.1395890036972577,-0.5244961886535886,-0.4622459654001258,-0.20032970140956835,2.8715673378134987,0.10185328474395018
188,44.0,True,-0.03772373238537162,-0.02537005171791877,-0.033754921978217944,0.18712654839205717,0.06027712406322492,-0.4015893348054151,0.18916875424828658,0.09311696430508358,-0.25441366686202516,0.09020653950499695,-0.09486649073788257,-0.1975497076377006,-0.4368683255972816,0.8802586206615082,-0.23881081815849306
189,20.0,True,0.09870926706775211,-0.03774574496886262,0.08431667282411145,0.11399134822681255,-0.11138954957802567,0.6609602381632113,0.2385025084821581,-0.11138954957802567,0.24589503568857907,0.2974475718443085,-0.11137327522990925,0.2453599554298998,0.5198417309776412,-1.1392946703429758,1.52520308017327
190,59.0,True,-0.7237608447183346,-0.3983193867616074,-0.82876978092985,-1.2942956678106388,-0.6883629962871539,-1.4179795087464617,-1.3221021230846761,-0.6883629962871539,-1.2251408177038103,-1.4076191888469667,-0.6885787758163696,-1.2299592121126972,-0.47657904055841377,-0.7796379162397445,0.7409738171791774
191,4.0,True,0.25673596702575935,0.11577441033018124,1.1841101270238479,1.503102729027163,1.441601070247117,1.1677479421432024,1.1796756939603716,1.441601070247117,1.1677479421432024,1.3793822115056096,1.441601070247117,1.175645555302641,1.3889799748383085,0.08697924857190435,-0.2824272472716989
192,93.0,False,1.2847476946638385,0.27782163826264855,1.716108468083878,1.8624065266670704,1.860197126190042,2.2866101947635813,1.7526716325215237,1.716339470119043,2.2871213052035473,1.4398852117869463,1.3984463486295926,2.2871213052035473,0.35145507618731386,-1.5547311319959862,0.5773959336763955
193,33.0,False,-0.03181236984165868,0.14898422659413127,0.21576009729922616,-0.012659361206289107,0.19167962294369076,0.37350865870760847,-0.012659361206289107,0.19167962294369076,0.2352191831770602,-0.012659361206289107,0.19171852649599752,0.2583121690121261,-0.47433298683443925,0.16863040701051427,-2.0322793065134026
194,105.0,False,-0.13148905075944814,-0.013554208934292662,-0.019983901515568045,-0.021750937935621245,0.06421652446973873,-0.4139514539735789,-0.021750937935621245,0.06421652446973873,-0.15065094438809162,-0.021750937935621245,0.06419445300459876,-0.12022292519108752,-1.9442649759855442,-0.4590715557127591,0.3098646874168553
195,56.0,True,-0.24267359209565384,-0.2886764746153128,-0.2884858922519063,-0.2006852197323947,-0.2063616702503421,-0.19969954985562846,-0.2006852197323947,-0.2063616702503421,-0.1996007020351764,-0.2006852197323947,-0.20627118912551184,-0.1996007020351764,-1.3077531969011476,1.2262706003162174,0.8664070590018645
196,106.0,False,-0.3987517059556358,-0.06447689242153394,-0.41187624926510025,-0.5556960779315977,-0.4801031405250927,-0.44731956672993006,-0.6098963302782496,-0.4801031405250927,-0.4474452774249558,-0.7609453488751077,-0.4801031405250927,-0.4474452774249558,1.0868307847683634,0.9621546636282469,-0.17895251107592874
197,95.0,False,-0.8869629702435742,-0.3180916697685795,-0.11990625885727219,-1.5711598934445352,-1.6386929352530475,-1.6017065258993481,-1.5319263396910652,-1.5002269848379906,-1.3786567222661081,-1.8570360897732223,-2.127051272975247,-1.362901561607362,-0.050604063111342405,-2.7112854374347726,-0.7102141913075584
198,59.0,False,0.09614641711922291,0.05106209298437492,0.06741886848714713,-0.7959496753944332,-0.1945709802443186,-0.2448897258690174,-1.147521126811556,-0.1945709802443186,0.03893845641256298,-0.6840247754084267,-0.1945709802443186,0.12650992513292617,-0.2831250656795347,0.04170258602731257,0.5658334533735658
199,28.0,True,0.16486685774437995,0.11995963237900288,0.5247023249969711,0.6860362877024618,0.73149789437108,0.5886508736309738,0.9256670006257571,1.0703176637121479,0.5886508736309738,0.8237914610431926,1.498189786976184,0.5910982555575252,1.643251614242697,-1.6174674995236882,1.9586147276154673
200,149.0,False,-0.04394333673002999,-0.19227359363902344,-0.2183502482425015,-0.27842689457735376,-0.06892911205211982,-0.05472580561532459,-0.30887041686145655,-0.06892911205211982,-0.06162864742910312,-1.003173185298318,-0.4160527843162312,-0.137033918833117,-1.2826492440738984,1.109637999248523,0.2048689341867044
201,54.0,False,-0.6864942582136156,-0.09159681309885334,-0.10151999559471556,-0.8886539174142948,-0.7904017449819286,-0.46580262800636374,-0.8844059677848459,-0.7904017449819286,-0.736728718508663,-1.0426759835900257,-0.7904017449819286,-0.8176800213687315,-0.5856577998413593,0.16810586912782435,-1.1206776631652569
202,22.0,False,0.2559929272499025,0.004255294695084224,0.058766305929614335,0.503028082880677,0.4943883897571335,0.17349091286386664,0.6042772132164551,0.41244466244330186,0.1540111548205478,0.5991291713450821,0.09724800402660622,0.15703208128113544,-0.47258767675848407,0.5484054521869972,1.4458047879194504
203,180.0,False,-0.9655024166396213,-1.1915838377824455,-0.6418559643826586,-1.7260957527521523,-1.8078969854964675,-1.5496665757523032,-2.019580380435059,-1.8078969854964675,-1.590098262491203,-2.6161808275491225,-1.8085836275841856,-1.5802852332454573,0.5863372815313004,-1.065124728803299,-1.8785474803883646
204,174.0,False,-0.5497335945875481,-0.7956835779996255,-1.0336350544728279,-1.0818281246897188,-1.0516386934482527,-1.0630977351036934,-1.0818281246897188,-1.0516386934482527,-1.0630977351036934,-1.0818281246897188,-1.6120042383137296,-1.0696080955115501,-0.663535198304047,1.8284302379955002,0.5032048553317773
205,38.0,False,0.5019680378866687,0.07319168729585294,0.6131940764058994,1.0248590429705053,0.963843417305455,0.6727956545279886,1.0881376673329868,0.8116204125249099,0.6727956545279886,1.0494697834442699,0.6547468867674353,0.66260177278313,-0.6134178486140281,2.020073367150445,-0.5819546491605353
206,121.0,False,-0.16432652799478562,-0.27185913924270944,-1.6736577495343063,-2.710287010895121,-2.700632336682126,-2.419926583614653,-2.765507684508428,-2.910599151671067,-2.420571674454298,-3.0688947884142803,-3.452435454644585,-2.420571674454298,-1.6051493968851136,-1.0647710426262125,0.9305984310891107
207,77.0,False,-0.31610750063948967,-0.29421917447793916,-1.2220136719593226,-1.4400386300376087,-1.1173989675883746,-1.7423373864468652,-1.7350200871589483,-1.493135441427448,-1.742672547563309,-1.6286956357540114,-1.128724590875912,-1.742672547563309,0.7293494040178566,0.37281512186631627,-0.8494743678230212
208,73.0,False,-0.8866084396070721,-0.28684696375040913,-1.0661867086722903,-1.3952188543203323,-1.4671547716479876,-1.4220376103730743,-1.338991965078368,-1.2494263770376524,-1.4223437598800701,-1.6623783070951934,-1.5580991430494837,-1.4223437598800701,0.8061393585150219,-0.6733024283901868,1.3238478058527734
209,74.0,True,0.07668863564793438,0.352658096098138,0.41926231081640475,-0.12223686763908741,0.3825950068483834,0.4937753370426006,-0.06197422489785637,0.3825950068483834,0.49395251344424546,-0.1367497509319168,0.47121641143784176,0.49395251344424546,-0.476376747401162,-0.0235699368607321,0.3002730904204611
210,70.0,False,0.09420468877974113,0.0015640648213978274,-0.1437230798024144,0.1727479852453171,-0.24220311540989148,-0.8326777687478566,-0.13383343329813063,-0.016027967151533214,-0.3395891319830412,-0.4487628237990408,-0.8837740063135145,-0.3675181317972705,0.16333994554129863,-1.2656369792245639,-1.7268406314397753
211,134.0,False,-0.031583898521134496,-0.0235833428652883,-0.07432050366018195,-0.20725259497339912,0.014756056824908185,-0.028957789052995273,0.09922543375848306,0.014756056824908185,-0.015827515618763718,0.09031405937060441,0.014756056824908185,0.02080834087620968,-1.2926461227593415,1.8671455145806186,-1.9738130282047839
212,137.0,False,0.14206076577665033,-0.056022820467327726,0.48405386336335304,0.3158699981546338,0.09713588224906103,0.4160001512222843,0.17016597531307953,0.2448829479560966,0.4160001512222843,0.2103836442219799,-0.35487877321228584,0.41585819169748806,-0.4718131547409021,-0.969179511082668,-0.31609551266496017
213,41.0,False,0.06935127146330425,0.5570127509385454,0.34454310226836976,0.6256357451829797,0.6695188184612343,0.3925910665715536,0.6378899556553742,0.6695188184612343,0.3925910665715536,0.5982450456719869,0.6698682740113783,0.39455421394230983,1.377950952722521,-0.2960838149974946,1.2942116284105942
214,104.0,False,0.8436053942993978,0.11989012542753359,1.4740460969293268,1.6661712251557577,1.6190610089376856,1.6441117561794423,1.968945224245599,1.6190610089376856,1.6441117561794423,2.122737689959629,1.6190610089376856,1.6256798167391309,0.13573073406713437,0.5014829311105223,0.12703003524338138
215,152.0,False,-0.7305649763869493,-0.04170764836261927,-0.4651087532441486,-1.158587503349333,-0.8170880795864134,-0.5245947259479969,-1.1376131100821743,-0.8170880795864134,-0.5245947259479969,-1.2803314176512428,-0.8170880795864134,-0.5324988572243975,2.310363486795888,-0.6475606784161285,0.06712070250380273
216,110.0,False,-0.12562007521641694,-0.04645838464082412,-1.1622694224015087,-0.7348403660657807,-0.8391044994990047,-1.1201429922334192,-0.47961545590488175,-0.8391044994990047,-1.2831103799167594,-0.5821926044104152,-0.8391044994990047,-1.2878543781317406,-0.7871927421571577,-0.23931242973230216,-0.23590383366766396
217,145.0,False,-0.06028360059897965,-0.04799490626939516,-0.19439577063060537,-0.8921907820871757,-0.49018686835324643,-0.23536579500882276,-0.5434401933470545,-0.6566388128674842,-0.23536579500882276,-0.3642947914833122,-1.145248520323174,-0.23916407160300687,0.5802844167243075,-0.5636398464269645,0.737900169928009
218,67.0,True,0.42853480111488773,0.0967391766768903,0.3240095451963521,0.8216171275238245,1.3391509983072916,0.9908426702187505,1.1957687080625414,0.8470734734357204,1.0212758540692106,1.5404075654950335,1.6517764729744813,1.0921999390799133,-0.19550582783310236,-0.13346075483629405,0.3773267966948902
219,117.0,False,-0.21708185268648666,-0.02691866696818182,-0.013456471928719514,-0.47515288205428996,-0.5130555007975633,-0.5944510534148992,-0.5861506827740287,-0.5130555007975633,-0.3071759102817738,-0.8392952106942078,-0.5130555007975633,-0.22202836461667896,0.5658178468280931,-1.1705426351003028,0.2803458736422704
220,16.0,True,0.9775487188194025,1.0774196511576657,1.0900803598955116,1.4884890032028704,1.4130612984873951,1.4636769932434992,1.036744299493221,1.4130612984873951,1.463943547172932,0.5864867321263866,0.8238897163273258,1.463943547172932,-0.0072113596587564995,-0.43798807560230063,-0.9847229413579084
221,171.0,False,-0.06984786161353532,-0.006732045386235376,-0.015295524356242575,0.023531616189917323,0.24488595056731668,0.21277293180350834,0.23874489560150683,0.24488595056731668,0.21294350715941782,0.2865376116785381,0.24508565668290067,0.21294350715941782,-0.5611981104091591,-0.20689292471224427,1.1878533083569829
222,58.0,False,-0.33613286716769947,-0.41314240968411814,-0.5436367540689869,-0.3133605484863618,-0.4528054335700547,-0.4955473724057136,-0.33834332146557883,-0.4528054335700547,-0.5005875391559089,-0.3634139140364731,-0.4529794548818236,-0.5134346632184746,-0.8676167643217026,-0.33372600380413486,1.363080412725391
223,75.0,False,-0.15321759563689227,-1.5342401207164904,-0.15303188759173378,-2.629804033918171,-2.3713956925677917,-2.4254083048822195,-2.534275910128545,-2.3713956925677917,-2.093705203542501,-2.41694045951649,-2.3722138061765303,-1.9691038219848231,3.0660367390488967,0.05668995489379499,-1.3013535202249853
224,107.0,True,0.3573444897654268,0.17287438685313886,0.2191318863786646,1.5804584623811178,0.9618745606279677,0.2840618065268284,1.4860960092830982,1.0927873898551819,0.2840618065268284,1.4035089939952046,1.4323010866155292,0.2855612758570872,-0.07734505972421603,-0.2931022193567212,2.3014951328449555
225,18.0,False,-0.0843615554127118,-0.08360176330801378,-0.04716490136079705,-0.24343082759505177,-0.15970234339558717,-0.05639604818249975,-0.24343082759505177,-0.15970234339558717,-0.05636510513281195,-0.24343082759505177,-0.15974211306494795,-0.05636510513281195,-2.016660690233245,0.7532114084393808,0.7225065897534976
226,143.0,False,0.31073564293479766,1.263864308432919,1.0930841279551655,1.6091224912003097,2.047484509839146,1.550131852890711,1.9333450399595025,2.047484509839146,1.550609210070351,1.8930008986689448,2.048248166981405,1.550609210070351,-0.6486006079033346,-0.3231959257858299,-0.48800599638147046
227,24.0,True,0.062055827470819995,0.0864778537863085,0.09082785686124267,-0.27880868692121663,-0.0048546283738110044,-0.3983507797862255,-0.1508762073510432,-0.2129344232863636,0.025472038117581707,-0.4289684110649725,-0.6253802865159714,0.033218944328311566,0.6780397271239971,-0.13664959629588416,-1.9043559061435325
228,90.0,True,-0.09270530269281475,-1.0666452920535345,-1.6577326092202158,-1.667434658578987,-1.7527251228935405,-1.6767687169300602,-1.7848382459870389,-1.7527251228935405,-1.6767687169300602,-2.722015308990838,-2.0890597808100733,-1.6722213762026548,-0.5000084331847482,-0.6647813359958524,0.6568464180302901
229,74.0,False,-0.26697122742940177,-0.01665078909415773,-0.7012990392746764,-0.3978990471343824,-0.6451772044301034,-0.6728692301110192,-0.36363609966802446,-0.6451772044301034,-0.6728692301110192,-0.392994696852082,-0.6451772044301034,-0.6702988608937677,1.3604462024852575,-0.526514840115237,0.557511373399325
230,6.0,False,0.7071451374802993,1.2220280175415967,1.6953732922077385,1.3709976222169658,1.6347024352627677,2.7635009765365366,1.3709976222169658,1.6347024352627677,1.6516395370731998,1.3709976222169658,1.635189973715737,1.5911984103341845,1.0023982728439578,-1.2644927908197123,-0.5956318243301262
231,102.0,False,0.8055590094869173,0.387884281791373,0.2631039259773909,0.8803117105045292,0.6951775848659992,0.40021970012145053,0.8803117105045292,0.6742968520528025,0.40021970012145053,0.8803117105045292,-0.2946075206759991,0.3889514404249484,-0.1523386358242358,0.5187849208779641,-1.7905532669844222
232,89.0,False,-0.6183764096199242,-0.045027475157133706,-0.41431765402743204,-0.9942274018367822,0.090471319347308,-0.5840007440257443,-0.9802635455656864,-0.05988795902445561,-0.5840440596973094,-1.0191175605436178,0.12481779192657375,-0.5840440596973094,-0.47221594277604334,-1.142518017652492,1.1244767578841879
233,61.0,False,-0.750057619284623,-0.794127464729908,-0.09393647593567324,-1.067506191213685,-1.1415601966503774,-1.003638508825224,-1.1261093076077573,-1.1415601966503774,-0.9499450618419483,-1.1504078261894275,-1.6622064574097521,-0.9647381057318523,-1.0048010070276965,-0.7458563981883249,-0.588318953093688
234,97.0,True,-0.0026824740767583772,0.0046965632809035296,-0.1299197303759992,0.11438395099365019,0.05227898496877759,-0.18294295850903822,0.4170703892443631,0.3756650270192234,-0.18294295850903822,0.7427533321364778,0.7574898339450555,-0.17218457373568213,-0.6999665423133247,0.35924465201120453,-0.4717450752396646
235,191.0,True,-0.49523708716989373,-0.09063990506005012,-0.049630337331228895,-0.710981656698304,-1.275263872048563,-1.3426979377184916,-0.6489333359175903,-1.1398518061028693,-1.18405231378171,-0.577142466272335,-1.3122802925435688,-1.1831516201009997,-1.473143074665625,0.40257336594453236,2.845645074509526
236,23.0,True,0.35945463169104036,0.4058990689208408,0.08240481707815137,0.6634870219748468,0.4763332828417884,0.9754575375894062,0.6634870219748468,0.4763332828417884,0.9538862226280914,0.6634870219748468,0.4763114785197399,0.9318215098728241,1.2043962915330844,-0.400114751005071,2.127972196949781
237,85.0,False,0.20914324324845987,0.07772817133144012,0.07518766869392132,1.0828900009626667,0.9289892344148376,1.1362247336270377,0.8052964111032245,0.9289892344148376,1.041191314787765,0.7034567336500424,0.9289892344148376,1.0505692949721286,1.5907007871260619,-2.0192658104888017,0.9537367314931017
238,233.0,False,-0.09630448183205081,-0.14365709368485766,-0.09228879553640185,-1.2883674069761373,-1.2508627576836409,-1.0674143808619205,-1.274176879199289,-1.2188640801699568,-1.1605780185572394,-1.2462294947329204,-1.2382401987444964,-1.1737867440922751,-1.256138069727733,0.42051328729557524,-0.4554210238658131
239,128.0,False,-0.4433039437072713,-0.12933192352338224,-0.5831077133258555,-0.6733288935729623,-0.6262568254257254,-0.6214746374990542,-0.6733288935729623,-0.4246158177390667,-0.6214746374990542,-0.6733288935729623,-0.1901058574363034,-0.6192010098151998,-1.1816829756864633,0.2595634588920596,0.649461273978431
240,165.0,False,-0.46980810649169985,-0.07122670092311553,-0.007248123014033365,-0.8424436175923646,-0.994870566302556,-0.2861188217830226,-0.8804934919239614,-0.7910384887692191,-0.29530382168939184,-1.2925642112090856,-1.5343564417772426,-0.29367780743364946,-1.768511857086917,-1.4123812154717754,-2.2814697772878496
241,3.0,False,1.266805110594437,0.15867525755170092,0.15700024349798736,1.7766346251729763,2.143764574063699,2.299359431460675,1.8902869587070834,2.143764574063699,2.135085610500718,1.9996339169812445,2.143764574063699,2.0603918472761666,-0.963854230732174,0.770322082794496,0.10653270157752616
242,88.0,False,-0.3551842101174452,-0.4340482583148776,-0.26187712729450324,-0.5805805941189021,-0.5109137300886732,-0.45323623031769333,-0.5805805941189021,-0.5109137300886732,-0.5354120904821887,-0.5805805941189021,-0.6636556844981093,-0.5224768617447281,-3.1063368012832915,-0.7010998004334262,-0.759818281782311
243,58.0,False,-0.15960442648227532,-1.4968824110596064,-2.286436282208551,-2.8925797432221056,-2.1945532313350284,-2.31845238528997,-2.7485136534311994,-2.1945532313350284,-2.31845238528997,-2.9781147152902165,-2.2541757567429928,-2.316875697336599,-1.1422789566319196,-1.1261881161533005,-1.2856051436646596
244,110.0,False,-0.24072890111377093,-1.1383630579628017,-0.5323504369465397,-1.2106905476822238,-1.7802583415979605,-1.5052636657079688,-1.2360019907940851,-1.7802583415979605,-1.5017871311363389,-1.2254302732785338,-1.4635284836726505,-1.3269968521997186,1.2969153998005238,0.09573071096425678,-1.5828044642378765
245,94.0,False,-0.09324273692195012,-0.12735151532161562,-0.10138543922696927,-0.4466880475371451,-0.7794961350306632,-0.9712459246122273,-0.38850942833424873,-0.48302741223621853,-1.0582542699682294,0.08598374439992225,0.042010578249393846,-1.0552523907822653,-0.345672529464465,-0.17847043139921506,0.5251415978751188
246,74.0,False,-0.20107426499165443,-0.08884076692708731,-0.8982103429187667,-0.3381479562823677,-0.6082204495084261,-0.9283507023988175,-0.25784444700972137,-0.7471079011520871,-0.9283507023988175,-0.09737592240144241,-0.9366276711333813,-0.9185414304563964,0.8545842348534083,0.20262400099114752,0.08930037331340701
247,122.0,False,-0.05987039692512104,-0.08605617555886072,-0.06570040564557338,-0.10848133512397304,-0.2905047513095615,-0.30634773162031226,-0.5225206436892558,-0.4111364918606894,-0.4900191829321477,-0.24615241461983245,-0.21928535455954534,-0.5370385637402769,-0.4889690638420449,-1.6057480583244386,0.1597236640001516
248,56.0,False,0.050217600408874366,-0.04934776934297037,-0.004652096491657272,0.14295060447638838,-0.09735641804920125,0.056904554091675406,0.07470889908135152,-0.008799499900243514,0.0569144476245484,0.16202661265017596,-0.5344869183942188,0.0569144476245484,1.760667296993123,1.8122301162723733,0.8423760552565885
249,109.0,True,0.4913915482509542,0.09132760695899697,0.2743746672896621,0.9829987279891025,0.8212075613701174,0.8155722538077539,0.9480327504922085,0.8150985896904515,0.8200909058539537,0.950171511242249,1.1571541667408143,0.8305488355396894,0.19921798301385701,-0.602658614543728,-0.8460837686653659
250,200.0,False,0.08274901246489026,-0.006037044096456223,0.07546810689705477,0.17445422957665954,0.032576699139660124,-0.012982599210991678,0.0762081035341668,0.032576699139660124,0.10241547208651297,-0.17784206232129715,-0.3595310788208236,0.054611323559002056,-0.3820022921434805,-1.539659308496411,-1.2355844544689116
251,139.0,False,0.2669819524836775,0.05506286867422022,0.2131704610800353,0.3299838448318909,-0.24230024663164168,0.31343638037681454,0.8980549571974374,-0.24230024663164168,0.31343638037681454,1.4228837081394916,-0.24238561853720764,0.32417133117782887,2.552424025371081,0.6188421885671495,-1.7763653849182433
252,123.0,False,-0.10697937260714649,-0.16578289238147462,-1.0099136091343475,-1.3831261929869918,-1.340802803590622,-1.5028089147110333,-1.2594863948552943,-1.3227446560258613,-1.5032678345537538,-1.3261283067282892,-1.293730017678953,-1.5032678345537538,-0.3244718562854392,-0.3548041301011767,-0.3351965739266949
253,112.0,False,-0.44161486183547816,-0.4867143998426616,-0.06699041022143556,-0.8281303355815579,-0.6705992154196804,-1.3573722245973407,-1.0242851991249529,-0.6705992154196804,-0.9616791012828784,-1.2698939731575292,-0.8545869600817445,-0.8293573173031014,-1.2212233497261362,0.32485848577290377,0.7601562085524842
254,21.0,True,0.5460369585028618,0.37389974775709756,0.6827904157186345,0.621908756569949,0.3742025409867042,0.7040783079162105,0.5007956217971129,0.3742025409867042,0.7040783079162105,0.15752445720994346,-0.34348468548227745,0.6846332283262979,0.2019100019601099,-0.33960843062503854,-0.1494235252760479
255,88.0,True,-0.07659200154873147,-0.8207225234675802,-0.4479768736961862,-0.7502925012160989,-1.1685739441951615,-1.09365478099445,-0.8259359686190442,-1.1685739441951615,-1.0993545189053233,-1.262680863599812,-0.8027672791917281,-1.0081292138691438,-0.03883503855807973,-0.059740360479920165,0.6411281903517326
256,86.0,False,-0.10784632027688931,-0.1657551110971936,-1.2752868902287622,-1.0221639070020818,-1.0180642071186212,-1.0853133140289322,-1.3396286720577792,-0.9658166777629128,-1.5154552473436163,-1.3920630669147054,-0.6064876463853563,-1.5225365801293378,1.066324553166257,0.24577284373863384,-1.1810537136048151
257,154.0,False,0.06249407065664069,0.7139603900481736,0.8753964229460629,0.7855188277135977,1.0823269190137033,1.0977268708174417,0.5231059568612919,1.0823269190137033,1.0933540662354284,0.844896598563276,1.2448061517628324,1.0950349795813217,-0.9216339244978112,-0.7466528839828983,-0.4691213318717145
258,80.0,False,-0.3716899017329381,-0.478373460445455,-0.3334083711425585,-0.38278493242132444,-0.5795028983956765,-0.3339727234216933,-0.4623512294398878,-0.5795028983956765,-0.3339727234216933,-0.8694023381560733,-0.579700308057339,-0.35374844316685394,0.8047169314794976,0.6787395958595579,-0.7659366813813416
260,59.0,False,-0.37159068461470984,-0.4586973952300195,-0.47644386920541737,-0.45974362758875914,-0.5882950560701187,-0.6174251960559733,-0.4503136946953399,-0.5882950560701187,-0.6175640953858232,-0.5260197787683747,-0.714432727752466,-0.6175640953858232,0.8527484705742913,-0.46990009907954344,-1.2483778102356926
261,80.0,False,0.022380640832020883,-0.003977161184692241,0.057967269819130626,0.14025218370648065,-0.009682443430729737,0.22811395925403405,0.12877843513542425,-0.009472045205635786,0.22578432010276342,-0.14637575752635,-0.12762114477478137,0.01121792891246848,-0.6676872919350705,-0.8696871441704723,1.859473537260907
262,57.0,False,-0.08560627432287576,-0.04168958167828823,-0.1497590153271242,-0.7281198562407153,-0.8401399115293035,-0.27369039208989593,-0.5513766478074444,-0.8401399115293035,-0.2092240681000755,-0.40646777922297894,-0.8401399115293035,-0.12826129637024966,0.16324400572267767,0.07703242182250279,0.8521407722678009
263,44.0,True,0.1389268443868896,0.08069910485010875,0.33681325064093787,0.4909679028520974,0.6146601762730854,0.26112209070484976,0.994302162482206,0.8548589531624858,0.26112209070484976,0.8980657857846808,0.9129527334237405,0.26690869269870066,-0.8307519568543374,0.44504127849104197,-0.7618005522771404
264,113.0,True,0.13714499954305034,-0.028081412664088513,0.38565366159310766,0.43175267317837807,0.3384834653490088,0.4635885131053032,0.2980871739390193,0.3920090307823346,0.6623667407214426,0.16098004276401698,0.3035806746297167,0.641820081836899,2.3458080738406677,-0.2290793416186396,-0.7660172081897683
266,59.0,False,-0.23352961010964748,-0.14524463160148854,-0.09780649318198792,-1.1969255125440337,-1.6070228891843055,-1.81241344633882,-0.789624449970362,-1.3912758013723037,-1.3296178202382951,-0.8642279704822708,-1.416860757522932,-1.1851839033219385,-0.7041395622801669,-0.8625197870795628,-0.057196853805184154
267,13.0,True,2.204262119431822,2.1947271148328524,2.237727423345805,3.085432458371105,3.116763645024275,2.209334716116337,3.1583614926459753,3.116763645024275,2.209334716116337,3.1722245165490492,3.196804753986142,2.21376685108783,-0.4530744436687142,0.6197855663086329,-1.4420539027685755
268,39.0,True,0.40212932448667366,0.31452788766688594,-0.00811811802103799,0.7564858239167527,0.6592063338378868,0.3650996199991849,0.7340155359427919,0.6592063338378868,0.37659526174768676,0.543644102793506,0.4040990219453419,0.4388034214595831,-1.0658380219633747,-1.7603287921227768,0.43582716588443593
269,150.0,False,-0.07823254005021403,-0.19231577597107732,-0.783077046902719,-0.7866764964314312,-0.6891416680350357,-1.1412951477283864,-1.1928991934619826,-0.7011251149829274,-0.8365678197279195,-1.0178431166203987,-0.9845495964643531,-0.851842721673005,-0.3461212751731734,-1.0308641360355328,-1.2942387751632807
270,23.0,False,0.02433701007316331,-0.09717914613173043,0.001218037686639556,-0.1399092153859114,-0.17864152895482802,-0.28185348029662954,-0.5900791405541571,-0.17864152895482802,-0.09517258821040583,-0.3820954647757916,-0.17865063166472128,-0.1558628243992518,-0.005876026696904225,0.03952289053338441,-0.3704329748709035
271,71.0,False,0.24912328557712796,0.12301290125295042,0.3187350239715985,0.7540023552598588,0.9711924680000074,1.064092660259198,0.7540023552598588,0.7963934483322925,1.0661678042414748,0.7540023552598588,1.058736327709429,0.864082637067082,0.7677891353446865,-1.3610593983050674,-1.0248226241279634
272,1.0,False,-0.20384480832317087,-0.028391735978900573,-0.1875664004107378,-0.35520008161015226,-0.0007952580194837917,-0.6782826873597239,0.15435761197449122,0.017007653773540837,-0.6638850676470629,0.5252533618889053,0.09473719787951718,-0.5385693289908534,-0.6104866460656994,0.027994264249169242,-0.47984828973483024
273,77.0,False,-1.4606971792712766,-0.43403678628713954,-2.1833132522327348,-2.0705568628352844,-2.1907842240779534,-2.8266307264514365,-2.0833535985676246,-2.262374274044737,-2.5675279843532315,-2.1832226281524223,-2.3664152320453673,-2.579553496370446,-0.1857739586715857,-0.05486311801846381,-1.3311571805649849
274,171.0,False,-0.2659492937298126,-0.07603657309629738,-0.05940893683949335,-0.4279476669400565,-0.33131677343945576,-0.47609782949182083,-0.4279476669400565,-0.23623533562460425,-0.513227219984871,-0.4279476669400565,-0.06665200653747987,-0.5085135720849245,-1.416489366414042,0.8987397888581683,-1.572822027026339
275,69.0,False,0.21462893805850636,0.018641352393931762,0.2589307536467178,0.8016326087701275,0.2014440116671895,0.48572585556956943,0.8016326087701275,0.2014440116671895,0.4858682558574868,0.8016326087701275,0.2014440116671895,0.4858682558574868,-0.8274022267661552,-0.9147903518132915,-0.9661408777268591
276,55.0,True,1.052389710085962,0.20102191811705733,1.1308838166220618,1.545555173979887,1.2876979409576366,1.6483519731429435,1.6719226733671737,1.3320906179987948,1.6486968305354641,1.8077670647369097,0.7725966155412858,1.6486968305354641,2.755807558275951,-0.6259065236416427,-0.680009857670002
277,49.0,True,-0.08295520931065063,-0.7736928963152658,-0.9034894029924023,-0.8442005158089634,-1.0756035960645245,-0.7748302869381127,-1.0836449821385403,-1.0756035960645245,-1.0844056199794716,-0.7791665981348175,-1.13241674690894,-1.0535051669833844,1.0412431916947957,0.3331816847010001,-0.29488942970262855
278,65.0,False,-0.11248366974052823,-0.23659172279096338,-0.06717027127169022,-0.5532209663314549,-0.16826543804059693,-0.5597021066217998,-0.2862817073673698,-0.16826543804059693,-0.40443362335159255,-0.23533642815838843,-0.09718257209628205,-0.3447227065508291,-0.7814240416773149,-2.4575635902058073,0.06898363214085088
279,80.0,False,-1.0200429558894677,-0.13103617234680143,-1.2160415750128113,-1.360581123610041,-1.6594214398760339,-1.6470013343880139,-1.43337565319643,-1.6594214398760339,-1.6473476767308366,-1.7509791753864663,-1.6594214398760339,-1.6473476767308366,-1.3373972415282913,3.1000422989145844,1.5268961098463931
280,166.0,False,-0.02328300371824147,-0.32156888061963174,-0.03295727055900815,-0.27834383414552477,-0.46971537926089046,-0.6029577142894221,-0.46187555957845716,-0.46971537926089046,-0.5878820903194314,-0.5553972204878614,-0.4697678514473152,-0.5904909070460536,-0.9755828305996581,-0.698650730461769,0.8122518305619173
281,41.0,True,0.0014054510423616138,1.7316697687367807e-05,1.041849500503342,1.1877736430936678,0.6467205260983224,1.0527054666438864,1.294773958790437,0.6467205260983224,1.0527054666438864,1.3975092459674032,0.6467205260983224,1.0495963019827776,-0.02169085951373511,-0.7298350527255578,-0.25289920168642466
282,144.0,False,-0.7240535238619499,-1.1083573896373102,-0.6634439735026578,-1.6431079376316229,-1.5848671360659616,-1.6565098492381383,-1.6431079376316229,-1.5848671360659616,-1.6799578431538804,-1.6431079376316229,-1.5223698153943344,-1.669480149752232,0.034727788359190326,0.8611275109037129,0.7259183347369238
283,141.0,False,-0.4491185268304995,-0.5747192493634449,-0.3434998383500851,-0.7052793860120686,-0.6800583518109102,-0.6053964680619702,-0.7052793860120686,-0.6800583518109102,-0.595617658749181,-0.7052793860120686,-0.3244914538305021,-0.46392672312590594,-0.7443606009308561,-0.03983184143568413,-0.6888972645408504
284,169.0,False,-0.10975424910887954,-0.11878189509328502,-0.02944054081270637,-0.038162121383852735,-0.39969845996059666,0.12452289413838266,-0.4359902821133901,-0.6713744589642385,-0.10768459585670265,-0.5653590052021582,-0.7137512105921252,-0.16587961655868555,-1.2865744667376442,-1.779428618703591,1.4484913866169449
285,67.0,False,-0.2606679731597466,-0.2854861471406528,-0.4575678921371912,-0.2140363164796075,-0.2483679162859185,-0.5553946016123178,-0.37065102043814224,-0.2483679162859185,-0.48063397839084493,-0.7027159197702373,-0.6532531381386517,-0.5547714528794229,1.4223785052484463,0.6269273800926122,0.5494769624409097
