null_delta,null_delta_seed0,null_delta_seed1,null_delta_seed2
0.0010946907498631993,0.0010509031198686625,-0.0031527093596058764,0.005385878489326812
0.00146688560481667,0.00013136288998361056,0.0007881773399015524,0.0034811165845648473
-0.007115489874110518,0.0031527093596059874,-0.022857142857142798,-0.0016420361247947435
-0.000613026819923331,0.007356321839080526,-0.011362889983579594,0.0021674876847290747
0.0012698412698412727,0.00472906403940887,-0.004203612479474539,0.003284072249589487
0.0030651340996168766,0.010706075533661763,0.004072249589491039,-0.005582922824302172
0.005648604269293959,0.007816091954022997,0.003546798029556708,0.005582922824302172
0.0016201423097974936,0.0008538587848933021,0.0013136288998357726,0.002692939244663406
-0.0007224958949096546,0.001510673234811244,0.002692939244663406,-0.006371100164203614
0.004334975369458187,0.008604269293924549,0.0013793103448276334,0.003021346469622377
0.004269293924466362,0.00926108374384238,0.0003284072249589709,0.003218390804597737
-0.0028243021346469424,-0.0013793103448275223,-0.0011165845648604122,-0.005977011494252893
0.0014012041598248464,0.005320197044334951,-0.006371100164203614,0.005254515599343201
0.003021346469622377,0.007750410509031247,0.0013793103448276334,-6.568144499174977e-05
-0.00021893814997257324,-0.0008538587848931911,-0.003940886699507318,0.004137931034482789
0.0021674876847290747,0.00945812807881774,-0.0040065681444991785,0.0010509031198686625
0.005320197044334988,0.00926108374384238,0.0010509031198686625,0.005648604269293922
0.0023207443897099353,0.00466338259441712,0.0010509031198686625,0.0012479474548440228
-0.0024083196496989348,0.005451559934318562,6.56814449918608e-05,-0.012742200328407227
-0.0007443897099069045,0.0061083743842365035,0.0015763546798029937,-0.00991789819376021
