,spearman_vs_immune_frac
enrich_Tumor__Tumor,0.23648027287760423
enrich_Tumor__T,-0.42676788287838363
enrich_Tumor__Macrophage,-0.14503015232942243
enrich_Tumor__B,-0.4675290060306586
enrich_Tumor__Stroma,0.37842017137791784
enrich_Tumor__Endothelial,0.2225016983637673
enrich_T__Macrophage,0.10663153885141768
enrich_T__B,0.3066818531279364
enrich_Stroma__T,-0.4706753511019468
tumor_immune_nbr_frac,0.9172504008777113
tumor_immune_mixing,-0.8942232683758473
logoe_Tumor__Tumor,0.6743223418538467
logoe_Tumor__T,-0.24409183658908976
logoe_Tumor__Macrophage,-0.2087544572216105
logoe_Tumor__B,-0.42493892857308413
logoe_Tumor__Stroma,0.11748044394449139
logoe_Tumor__Endothelial,-0.05962536997019755
logoe_T__Macrophage,-0.33639288624335817
logoe_T__B,-0.07959338249950168
logoe_Stroma__T,-0.6517764284883504
