,spearman_vs_log_ncells
enrich_Tumor__Tumor,0.5453298031307269
enrich_Tumor__T,-0.4390000699196404
enrich_Tumor__Macrophage,-0.3016319030879937
enrich_Tumor__B,-0.20734678646985952
enrich_Tumor__Stroma,-0.4098345444110504
enrich_Tumor__Endothelial,-0.5098530870168575
enrich_T__Macrophage,0.3035286266174799
enrich_T__B,-0.03494072992049793
enrich_Stroma__T,0.38742151574551104
tumor_immune_nbr_frac,-0.16904755117022474
tumor_immune_mixing,0.19369580250222632
logoe_Tumor__Tumor,-0.2850594911792676
logoe_Tumor__T,-0.025030785848951513
logoe_Tumor__Macrophage,-0.019966920627168972
logoe_Tumor__B,0.05558443033369929
logoe_Tumor__Stroma,-0.21299669399870402
logoe_Tumor__Endothelial,-0.0999523774574432
logoe_T__Macrophage,0.2990072440313599
logoe_T__B,-0.055302415508682604
logoe_Stroma__T,0.3752680130914106
