PID,time,event,clinical|seed0,clinical|seed1,clinical|seed2,clinical+composition|seed0,clinical+composition|seed1,clinical+composition|seed2,+spatial (residualised)|seed0,+spatial (residualised)|seed1,+spatial (residualised)|seed2,random baseline|seed0,random baseline|seed1,random baseline|seed2
1,33.0,True,0.4543224523805662,1.1518556067673338,0.059648309756510386,1.200198407372956,1.696215122889548,1.1544600075129416,1.2001984073729561,2.0526413889565593,1.2404812431566583,0.1257302210933933,0.345584192064786,0.18905338179353307
2,101.0,False,-0.09921971701592572,-0.9912753163261647,-1.1854578031423793,-1.0060350615120757,-1.4071548553816444,-1.1328836918375444,-0.7249758633560882,-1.200195924637175,-1.3335986340586146,-0.1321048632913019,0.8216181435011584,-0.5227484414807474
3,23.0,True,0.25783523617687343,0.14558826904198088,0.06519838293318728,1.9490252510257047,1.886185821955939,1.257658489457521,1.8099914194580509,2.5458180430953576,1.0735165436555638,0.6404226504432821,0.33043707618338714,-0.41306354339189344
4,63.0,False,-0.41432960201619373,-0.26170063035874097,-1.6089177709729694,-2.5154590411471656,-2.202966719348499,-2.307187403237647,-2.2350600812253965,-2.1260867637753584,-2.3078253292388653,0.10490011715303971,-1.303157231604361,-2.4414673826398556
5,79.0,False,-0.09835220159825658,-0.8985399327678443,-0.4522982048855589,-1.8893369975955685,-1.2680390991316288,-0.9698482911480167,-2.5538507153232493,-1.5350705533366324,-0.9761316549590097,-0.535669373161111,0.9053558666731177,1.799707382720902
6,79.0,False,-0.3225601647187325,-0.07903944222059842,-0.11337864514424706,-0.26343497689597944,-0.3241611406054134,0.05296499464128917,-0.1410790363047825,0.1296129231059375,0.030600361485871884,0.36159505490948474,0.4463745723640113,1.1441658720372287
7,37.0,True,0.11208156879762768,0.052187734742560804,0.004996217633485673,1.389734472092795,0.9237022137090565,0.6595464337709765,1.3485820803841413,1.0889117733676934,0.8795857117660003,1.3040000451301372,-0.5369532353602852,-0.32542283686782436
8,16.0,True,0.8322840017708988,0.3603514401462156,0.6543508055953273,1.726615535145197,1.9699916385248764,1.4071952368675933,1.7266155351451968,1.8729495479668181,1.3606017165023128,0.9470809631292422,0.5811181041963531,0.7738065867276614
9,32.0,True,0.0005840462957677286,-0.00066761708127497,0.22169885285883206,0.6307004311287128,0.3550998125534449,0.4925479653492466,0.0982530886035666,0.3563068876935963,0.49278808893825593,-0.7037352358069926,0.36457239618607573,0.28121066979764925
10,66.0,True,-0.05709735946236018,0.014448228912183501,-0.1258330171864312,-0.17612720628457398,0.3894650774702306,-0.4558458634475588,-0.17629398272416774,0.30565054561014715,-0.5663368650345146,-1.2654214710460525,0.294132496655526,-0.5538228364240524
11,111.0,False,-0.37340284325611206,-0.6813647748935672,-1.1366383402135232,-1.092462244177785,-1.0463903588025958,-1.1838841112024499,-1.092462244177784,-1.2412006394770079,-1.18388411120245,-0.6232744625373522,0.02842224131579679,0.9775674511260357
12,59.0,False,-0.3710967722082425,-0.21008322487148073,-0.1948058851199566,-0.8430933214347356,-0.6807614600383374,-1.171140479480805,-0.8432357607320702,-0.8553085650702511,-0.29006698291427396,0.0413259793472436,0.5467129866124469,-0.31055654665915255
13,63.0,False,-0.08704199893391801,-0.14073628706774108,-1.6037552962049002,-2.1287306884179205,-1.8895766893049086,-1.6661529149100838,-1.9774708774263936,-2.2511905073468785,-1.6661529149100838,-2.3250307746388343,-0.7364540870016669,-0.3288239040579627
14,1.0,True,0.0019519165085896129,0.2359199772470233,0.5013548473264593,-0.2683765864326696,0.04945390525249101,0.5102538356336034,-0.2684710693122496,0.15760606552163475,0.5102538356336035,-0.21879166393254573,-0.16290994799305278,-0.7921467553588982
15,87.0,False,0.6967683122823112,0.6187757189861391,0.592170273239964,0.9744828007105476,0.8493751059308815,0.7958886419269425,0.9746775287034867,0.7576741021457802,0.7961182334723659,-1.2459109472530652,-0.48211931267997826,0.45495807124085547
16,89.0,False,-0.9292222536490398,-1.0090654704378064,-1.5184564560293659,-1.620375419089931,-1.4068714763218866,-1.541812933766288,-1.6189161369004124,-1.310301082895872,-1.7219306553134286,-0.7322673547034516,0.5988462126346276,-0.09919805171738795
17,71.0,False,0.40758979356723835,0.5182802905341631,0.22145666614292558,0.6934168060683328,0.862247229447899,0.5703058201843832,0.8416254991072166,1.0570355475961288,0.5787735314358212,-0.5442589828573099,0.03972210748165899,0.5452887139646817
18,118.0,False,-0.04835428330250444,-0.05487273318625233,-0.2409077185464591,0.04362186889721669,0.0652004052056882,0.1820754253391333,0.5974117458004687,0.7962864372664132,-0.2880175568220264,-0.31630015636915454,-0.2924567509650886,-0.6071856998706371
19,195.0,False,-0.08489187175802938,-0.06760597192761386,-0.09168002815234974,0.013660746227649226,0.4101018106597239,0.03777601414885297,0.013747927176848479,0.5196034058959512,0.10472674509860558,0.4116305363741328,-0.7819084623568421,0.12682784711186987
20,118.0,False,-0.9292222536490398,-0.12069332478626524,-1.3177340198199317,-1.4404742544294724,-1.3607000721285598,-1.4172263358371153,-0.9934741698897823,-1.413524161298822,-1.417226335837115,1.0425133694426776,-0.2571922406188707,-0.8922740434297903
21,90.0,False,-0.00042782791211298105,-0.10169834318809948,0.041166313400655845,-0.2173245173489021,-0.19308790752678448,0.1479262415754142,-0.2793883302171149,-0.1164742493713208,0.219052479679287,-0.12853466294403426,0.008142180518343508,0.8414649723701431
22,33.0,True,0.23825475602190177,-0.028044519649001905,0.0760329838602409,0.4492702324047382,0.6654561301986253,0.40415237951889926,0.449297398757559,0.6623741985364011,0.4297533941361775,1.3664634705496859,-0.2756029052993704,0.18803508698068597
23,1.0,False,0.21899514576562576,0.786770009978624,0.8429611088224108,1.330941280215858,1.215120526892031,1.2662889944322864,1.08513351695442,1.163810383978781,1.266568122954322,-0.6651946734866135,1.2940638143982073,0.33057100813532614
24,105.0,True,-0.19114310211803817,-0.03522893692174291,-0.019590733785163156,-0.479933893715107,-0.663759730639105,-0.6217286137435999,-0.47993389371510703,-0.4988919345124098,-0.3777200932737165,0.3515100700930197,1.0067243153057943,0.41050391297026284
25,102.0,True,-0.26994721989579956,-0.10899344841736319,-0.7934421619594723,-0.823700035036837,-0.7007395317942208,-0.4183179976713174,-0.8237000350368363,-0.5510979753263727,-0.9579898035218013,0.9034701816518086,-2.7111624789659685,-1.0107575001533344
26,182.0,False,-0.3197052382664146,-0.8135466824325122,-0.7981048862368612,-0.8045259836105154,-1.359112931797688,-1.1870542897168275,-0.8045259836105155,-1.3007627211107882,-1.1873714092690404,0.09401229776087457,-1.8890132459676727,0.7831809961440773
27,51.0,False,0.034732303061263646,0.0962654148824117,0.05885975815151542,0.03222943907301635,0.13644588136180866,0.23488552685745492,-0.11954453061981424,-0.11404954095152872,-0.02507284643832444,-0.7434992493538084,-0.17477209205516195,2.0567028183423686
28,167.0,False,-0.32686326721647396,-0.8004728609012104,-0.9161265392713969,-1.1368980460905922,-1.5287848743265275,-1.5275462593174984,-1.1368980460905918,-1.6742728304307761,-1.5278756489617393,-0.9217253762584194,-0.42219041157635356,-1.6384425032355252
29,11.0,True,0.0643883340312554,0.06662294318274015,0.04636927767872744,2.1069122172704806,1.7173456830880742,1.4924495625498548,2.2825030653677154,1.7624864821327724,1.4007878422851407,-0.45772582566733916,0.2136429974986111,-1.7294114671544816
31,24.0,False,0.062307822593070765,0.022863258802139852,0.1474546070233041,0.17119905985601347,0.35243947436180567,0.2271998542805467,0.5486777634471528,0.27831811797367356,0.22743326806856998,0.2201951234700494,0.21732193102256359,-1.50483141386432
32,75.0,False,0.03433868304362359,0.01806110442009825,0.02171776791510283,0.01119044911625615,0.22843199856376212,0.12574998420743866,0.011190449116256598,0.2158633022125228,0.495401952373527,-1.009618183538736,2.1178387550510482,0.8414588934539998
33,95.0,False,0.23900996467327726,0.234179144161392,0.40982582758963915,0.533939768011439,0.3487412316866048,0.02155374163461709,0.5339397680114387,0.4908081431084543,0.48001083330015587,-0.20917557487171307,-1.1120207626922813,0.12871565747406846
34,96.0,False,0.6236038937094275,0.13531365656731492,1.483567859957887,1.396118467787648,1.2600239435490344,1.5239869462057343,1.4639173422653295,1.047822577325544,1.5239869462057338,-0.15922500991447772,-0.37760500712699807,1.078342440739298
35,185.0,False,-0.4812365408287899,-0.20313341938595125,-0.6166221096507276,-0.5518558972546707,-0.5889797352589178,-0.7471464383282562,-0.5519454549413334,-0.23156712044389635,-0.7473320093277716,0.5408455846858077,2.0427716074923303,0.722430872307499
36,144.0,False,0.007589680627330981,0.016564437624359697,0.033272468877812815,0.15159835215226156,0.0762269195494457,0.14180307500196482,-0.5471236390755662,0.06078506094480281,0.15223653399313009,0.2146591225063409,0.6467029962018469,0.21057181237528058
37,127.0,False,0.31256639346745324,0.049899605492750014,0.06222019115676484,0.681793413996857,0.1987375861621079,1.0027364527822828,0.6817934139968567,0.22799927197183872,0.8412773228019629,0.3553727090399214,0.6630633723762617,0.28403814525037085
38,87.0,False,-0.42935538362057785,-0.6773073572437345,-0.7876708164570402,-0.798241920385378,-0.9290425645676351,-0.9713288812364829,-0.7982419203853781,-0.6223176189699031,-0.9713288812364833,-0.6538286094183394,-0.5140063716874629,-0.16976049772313542
39,115.0,False,0.1580269245273573,0.40783173519854365,1.5833599577863928,1.5999053353009918,1.5383294529777984,1.6815865199892122,2.1650168736091016,1.6616220350213928,1.7202172426923052,-0.12961363369276946,-1.6480751708556527,0.8684602112115102
40,110.0,False,0.21902512282562753,0.013215558211689208,0.38492759436849344,0.29935658391257314,0.2827493416838007,-0.08024468092223286,0.29942107454961897,0.3154753059057692,0.41171536919357005,0.7839754700613295,0.16746474422274113,-1.1297159617807548
41,14.0,True,0.6150185718016682,1.2394924942606944,1.557051160511691,1.6767926767967711,2.1810405059380944,1.6648174620424234,1.6767926767967705,2.8228264253014923,1.6648174620424228,1.4934311452207607,0.10901408782154753,-0.4218588261783162
42,189.0,False,0.0317195448120316,-0.0060510850242377345,0.08433967885724608,0.096604886281962,-0.002529549812445442,0.11166907846437671,0.311399078336228,-0.308604206352571,0.11171067859079256,-1.2590655321041202,-1.2273520542445742,0.2429388530987352
43,55.0,True,-0.22055696927882468,-0.02355529882766131,-0.22699121188708274,-0.49168839771050254,-0.46911715949014365,-0.5938509005284219,-0.6033686975597595,-0.47674210313727994,-0.6063335592105394,1.5139237747390626,-0.6832266617805622,1.8014208584493328
44,108.0,False,-0.6899277491245727,-0.7445345478997482,-0.10569829494645902,-0.8536857969151068,-0.944850160322783,-1.1587695803376754,-0.8538198967086775,-0.5930396991548809,-1.0811117401274182,1.3458754237823045,-0.07204367972722743,-0.7644641157203993
45,63.0,True,0.5283864050563614,0.10612203772498768,0.8273978984381265,0.5166738374152803,1.026626234050274,1.0323161360515152,0.5166521805009313,1.0264573835804982,0.859441854579493,0.7813114007004275,-0.9447516230607774,-1.0790604591369424
46,74.0,False,0.9705142360397072,0.2345052256339046,0.17800012463891304,1.9461087931062722,1.3775441021913228,1.3512313205793054,1.9461087931062713,0.7928978001871884,1.6420709703749665,0.2644556303293035,-0.09826996785221727,-0.5632871985040379
47,4.0,False,0.092134506769246,-0.16744815939198954,0.010251779588964574,-0.03298190308979596,-0.6262958880724984,-0.5082501272109362,0.44087954613642544,-0.4768214608738746,-0.49950581802539995,-0.3139228145364278,0.09548302746945433,0.9692722011381628
48,2.0,True,0.319152645415082,0.8669556858063935,0.7736363820732087,1.222682910930764,1.541025627738793,1.3173525731932278,1.2226829109307635,1.6646552473122713,1.3177432054419629,1.4580206835369587,0.03558623705548571,-0.23500550689182578
49,107.0,False,-0.6473293663584448,-0.06111132628965888,-1.1344299801062696,-1.3277132008438268,-1.44286236351377,-1.1799761402026194,-1.110269495475166,-1.346456694040783,-1.3204284477552035,1.9602583164499647,-0.5062916583143148,1.324347019236957
50,15.0,True,0.10054240149490484,1.0770847393052652,0.6066379138247665,1.709533416432921,1.605736336674609,1.6550655246326271,2.1726438211147037,1.5421822804171115,1.6663504252875962,1.801634869866125,0.5937480717858228,-1.872529517606024
51,143.0,False,-0.11268438919892013,-0.058249759958350085,-0.45633371166695813,-0.5922957751985319,-0.35884171146818716,-0.5428184734580328,-0.4663592968162761,-0.38601173413796963,-0.5428184734580327,1.31510376473437,0.8911669542823284,1.128523141900478
52,42.0,True,1.1523583082922952,0.1615950084712469,1.6746373361281797,1.8369264570588795,2.109105077029322,1.7168814433869701,1.6897480843314576,2.186140962516341,1.7168814433869704,0.357380410658956,0.3208483045665637,1.0348662399295387
53,175.0,False,-1.0818759641747118,-1.3365846764603109,-0.7010323453827635,-2.023489527195897,-2.066855133272696,-1.7647797354434491,-2.1552478038892655,-1.9623027125468908,-1.7979458946174967,-1.2083186322821715,-0.818230227390307,-1.4186656898014849
54,7.0,True,0.145353479683839,0.6465242763367801,0.4746227349910795,0.8099549953434515,0.9936124682014239,0.5806645765481948,0.9610008314084967,0.88887251751777,0.5131680747658754,-0.004454133120083229,0.7316522837854408,0.15358188653595775
55,114.0,False,0.19236006742240336,0.062417861869986525,0.5109170834211105,0.6266924106725847,0.5580547481106607,0.8063781627712955,0.6266924106725845,0.6092100723084262,0.8065424094579331,0.6564749350763358,-0.5014400184670523,1.2157576351945363
56,90.0,False,-0.08895410924431124,-0.22458424114026612,-0.7658601088781001,-1.6143306524227277,-1.0790626209033798,-0.7492658654153741,-1.1505462148539076,-1.073932166217898,-0.7492658654153745,-1.2883614637495544,0.8791606182879853,0.08791904230952238
57,130.0,False,0.016585684406994306,0.019509868014915284,-0.672792614690856,-0.2165670498817472,-0.15232025131777593,-0.6543523307353676,-0.38930921808013536,-0.17742819736586235,-0.6543523307353676,0.39512206018200824,-1.0717874168774442,0.99970142215178
58,181.0,False,-0.061377056420510175,-0.03273691780843346,-0.11541569784084219,-0.2998078236754955,-0.06555476584606695,-0.19472237477034618,-0.29980782367549513,0.031829337874993695,-0.19475929248172527,0.42986369482223,0.9144672031287812,2.3748869133171437
59,53.0,False,0.03305259744166681,0.0331839705927415,-0.49965684988039083,0.8649508947822152,-0.06340535662079846,-0.5948815142647793,0.5135949779180885,-0.22551931214080745,-0.5948815142647799,0.6960427239628685,-0.02006345461548042,0.2739322545923299
60,75.0,True,-0.1438535529707159,-0.020866633421749492,-0.024131093764984006,-0.06407190105426973,-0.5259495141627287,-0.39240304925679403,0.3023059847439458,-0.518914242310935,-0.3773350736108413,-1.184117966757189,-1.2487488903344155,-0.2803823139429379
61,39.0,True,-0.10531897411214758,-0.008280319220097166,-0.37557579093421817,-1.6767023537866743,-0.6163367541325324,-0.6091728632744672,-1.0331209246781574,-0.5434626331303639,-0.6091902721785766,-0.6617025720390349,-0.31389947196684775,-0.7710521598195307
62,101.0,False,-0.09114492064303717,-0.1421847827168663,-0.11251532705029121,0.2672489888716018,-0.04808956387017561,-0.010235809648128607,-0.0968293907580378,0.18541456760443953,-0.016188229187197735,-0.43643524714322124,0.05410227877154389,0.6480646015444852
63,89.0,True,0.009932790744027262,0.02425297958828508,0.21633623227782225,0.6852852276328064,0.8698019805534779,0.7763936442016973,1.0293014182539313,0.8192670557397892,0.7748173558389042,-1.169801907772864,0.27279133916445375,-0.19673006635772372
64,50.0,True,0.038092896111360415,0.20901155112954586,0.10718545381436473,0.5124034408968647,0.27254926490480197,0.14072264378258553,-0.3468267976691215,-0.05553657877431315,0.02792736405777873,1.739367877130134,-0.9821881249409777,-0.17874637079406783
65,130.0,False,-0.04950933057674549,-0.08230522628337011,-0.08977797036703622,-0.5153388982517549,-0.09815538997309689,-0.04609705521061123,-0.250812671647038,-0.5001731165964887,-0.04609705521061211,-0.4959107284421519,-1.107373047165193,-0.1052597784150319
66,32.0,True,0.03027944742073692,0.08116636607023647,0.2554410831261817,0.09898214734192075,0.1834870829485989,0.2974396425614159,0.6175040671656616,-0.10600786835635291,0.2974396425614162,0.3289696294602021,0.19958453284708083,0.6498696525854939
67,8.0,False,0.4502820087825447,0.7643457300878949,0.9222569076272774,0.9565266925740706,1.1114457621788778,0.979247748022231,0.9565266925740702,1.1946762888036269,0.9792477480222308,-0.258572545473924,-0.46674961687980204,-1.0663396121649127
68,169.0,False,-0.4854945495869461,-0.7270064710901857,-0.9584018357715142,-1.2427912817075502,-1.2706831017534068,-0.6166858053559435,-1.2427912817075493,-1.7067116960611548,-1.1415033928334792,1.5834728788021222,0.23550561173022522,-1.5298764906705564
69,110.0,False,0.1105200586395898,0.02843310792975376,0.008978140665656486,0.8591366324266024,0.9155169449399678,0.7823140063591554,1.1651976607038492,0.8914000083713448,0.7128200558132413,1.3203609870818391,0.7595195224783792,-2.4338766971489387
70,97.0,False,-0.019375098189601037,0.013447691738054953,0.05115382806790974,0.34540146578494585,0.2995327622532304,0.3507392744746143,0.12920984045908537,0.3915968076117292,0.38597248576209203,0.6333526228249152,-1.6487873663509485,1.1986708993900783
71,27.0,False,-0.04244641426991983,-0.0924879476449055,-1.0782942517722711,-2.640491858223476,-2.0595912228314375,-1.918636486328575,-2.853361582989167,-3.152384802242809,-1.9193328981596511,-2.2035098806466507,0.2543881165176173,0.07379335958326627
72,186.0,False,-0.5074467331724689,-0.05607295179636587,-0.6377514180484761,-0.6847425771576167,-0.9285441542051396,-0.8457876250033659,-0.6847474223651835,-1.0039448038221146,-0.8458195354493293,0.05202897425988651,1.2246469675357323,1.5101194131223459
73,68.0,False,-0.969978508770819,-0.1268656840424301,-1.4449767180930513,-1.6583842392835508,-1.6104170330668701,-1.4267947670100094,-1.9252868236055332,-1.6126979815018385,-1.4267947670100103,0.6836861907765345,-0.2975268443704732,-0.00895629811039896
74,72.0,False,-0.4286982178948313,-0.07066610497216619,-0.4420452875411268,-0.5062277105971864,-0.6902953224229708,-0.42456970355437285,-0.5487984717443727,-0.6729936392463791,-0.4245157509622883,1.0039615758421696,-0.8108145832375699,-0.7421554551991772
75,35.0,False,-0.36341764037121865,-1.7122529672106364,-0.13891738888585556,-2.2840820061957037,-2.6628730603910995,-2.1874153151663593,-2.166381968974241,-2.7509512597973593,-2.094311609301265,-0.6179070447076008,0.7522438271795928,0.477929298799656
76,83.0,False,0.21968313752902432,0.07066466127691481,1.164356987124425,0.9908386259421793,1.2700620090736976,1.2753680940275702,1.4914252803800163,1.246002839004232,1.3155235066333277,1.8220113633283233,0.25344651620814146,-0.07658841293719656
77,33.0,False,0.132234639251651,0.14694141953711984,0.1499275175765186,2.422401484669999,2.070985782458708,1.8906279369409817,1.903701557025221,2.1285734590006267,1.9662748202804676,-1.3204309700132935,0.8958830707775604,-1.2541866619736308
78,61.0,True,-1.1209721205834224,-0.925272039638124,-0.9296038448693041,-1.8681143087412793,-1.4605688078204158,-1.4735317301428166,-1.8683378410839926,-1.5248529242256876,-1.473710265467217,-0.6615280218152191,-0.3452157100512797,-0.885066581450772
79,65.0,False,-0.8197581957245518,-1.138269276112546,-1.1354404708202792,-1.3797744114671515,-1.6681610346369105,-1.6939503030781713,-1.3025982100231224,-1.4387726727492935,-1.6942818199194585,0.9350499881140221,-1.4818182737222112,1.766779317484588
80,76.0,True,-0.5558145617290625,-0.16190692732671938,-0.1087664472538668,-1.0532242679594697,-1.1825581058319756,-1.3465898265229086,-1.0532242679594694,-0.6941153253875182,-1.2315047946169877,0.049054613825311656,-0.11001076471125099,0.3543505953235256
81,89.0,False,-0.01778848084892818,0.04127088088239637,0.061206916206114834,-0.31488810286340657,0.30094219294354285,0.1021162835046616,-0.5040619337299999,0.0092941202011127,0.10211628350466129,2.002392583645255,-0.4458281530112322,0.4163865350301778
82,58.0,False,-0.47621754287207546,-0.34830526796479255,-0.07745442146461541,-1.0131267121178296,-0.9180500399566308,-0.7609012994202263,-1.0132754833680309,-1.0656821238244416,-0.7460611067610676,0.18851919251246557,0.7753238220475741,-0.27655171832101155
83,115.0,False,-0.09221674328113591,-0.0388755190185924,-0.2801354925013406,-0.9376653002268832,-0.4236770936517719,-0.6739885756500887,-0.2843094632627009,-0.49818734515480617,-0.6310556641979598,-0.6331940901922267,0.1936328483771538,-0.6897195637660919
84,84.0,False,-0.06998311783410831,-0.20303530433279823,-0.0981336913886885,-0.17046217089997803,-0.4011751289056363,-0.509261096317393,-0.17040042794801893,-0.43543434856326946,-0.4854517481466723,-0.37756350523280824,-1.6308492324351012,0.8916558155709342
85,75.0,True,-0.038863369067507016,-0.1710122810153781,-0.47267492746012196,-0.6185839139925746,-0.08991599967660356,-1.1244110026165517,-0.1358328435569736,-0.14384947965605005,-0.5483899834483283,-1.0911461176191954,-1.1951630801031998,-0.10462645267369168
86,44.0,True,0.1058270316687487,0.03238671141394573,0.2944135130573005,0.37275419669502924,0.37609316182327246,0.24723649687256485,0.3727541966950291,0.3948277137266004,0.24723649687256466,-1.277680166386608,0.8837890365872553,-0.7591081117479301
87,13.0,True,1.0778533788825972,0.48094899423864723,0.7976014560499278,2.0194113928323634,2.1054328755028444,1.5033743246984883,2.019411392832362,1.9009640794928766,1.5552573098174156,0.6304114907682319,0.6797650174178466,-0.13412851934954786
88,121.0,False,-0.9411445709705579,-0.9628014194633361,-1.3599541680505682,-1.296224533244675,-1.3579027287700707,-1.367408569290724,-1.296499353382323,-1.401365560042311,-1.3674085692907239,0.5811658124128057,-0.6402433659084887,-0.9056060167223513
89,95.0,False,-0.05041212334913907,-0.0007617696466750293,0.02985277605956793,-0.45946371640086214,-0.6464047013264016,-0.17416205262193402,-0.4594637164008622,0.6065072115319301,-0.0777115827366649,1.294558819441117,-0.001048796567280681,0.19004583859111193
90,1.0,False,0.5533640903747451,0.5720743452201652,0.31533839929247426,0.8930579590506043,0.7912880210636177,0.681765310485887,0.9024132821673987,0.9192574703844719,0.7572282420980198,-0.7546057912599311,0.4455735537761861,1.12922763006904
91,195.0,False,0.21162450187524456,0.17054207169041058,0.06201599565255607,0.41648092545844445,0.3774266722919764,0.3829152225372271,0.41649769848143214,0.11098297307964283,0.1341727013963103,1.689107452443673,0.4684043358472779,-0.8360851661432465
92,99.0,False,0.23493029558559542,0.08222691198408591,0.31319989600578974,0.16189003749048908,-0.06182323729165575,0.3499120607018211,0.16186433721497231,-0.26899807489899114,0.34991206070182157,-0.2873877078086663,0.8762421961143501,1.428544005170784
93,12.0,True,1.1407819806116921,0.20350030029834376,0.09610711449840023,2.21208899975789,2.4788136671700505,2.111244826410496,1.7889172123398354,1.4559772995759623,1.8032820256946789,1.5744082788445868,0.256485627221562,-0.6676199486614574
94,68.0,False,0.9741208211353082,0.9843659408138167,0.568199116222026,1.4621293071537536,1.7336961320844273,1.635917755991608,1.4624452063361055,1.7342306172990658,1.658572722155741,-0.4327858471825968,-0.09482833896849817,0.15341216272393984
95,152.0,False,-0.3165597580898578,-0.07274300774924466,-0.19961507659386765,-0.43347435955484637,-0.39118496259039126,-0.389873142574475,-0.3113175176574004,-0.12830508779317676,-0.3552331244509758,-0.735483292342275,-0.25884806478784556,-0.8363865253041882
96,181.0,False,0.7570353431582267,1.0022562659575027,0.08832874396580714,1.5655658709743352,1.6612455925952916,1.8245630129525525,2.0484907381375015,1.778084075732591,1.510743271894211,0.24978537155866684,1.0557428005332512,-0.22223516635433505
97,107.0,False,0.05269078809899107,-0.004535410669038351,0.5157666964260259,0.7705956506876496,1.0452485303360732,1.2981760682218613,0.770595650687649,0.9151586574071345,0.7196478178311727,1.0314530848694723,-2.2508542750785376,0.047404412494126226
98,99.0,True,-0.1725061076262087,-0.10155288924759365,-0.3656737267368586,-0.6803729195065729,-0.783974242299732,-0.6871240279216878,-0.6803729195065719,-0.8959972876515072,-0.6874277650371122,0.16100957671534466,-0.13865532509133732,-0.4346849461734271
99,80.0,False,-0.5281827944022596,-0.049720721916579516,-0.33249199167348553,-0.7825875388389345,-0.3165536347908032,-0.37620622253847175,-0.7827372490786155,-0.4736049727261338,-0.37623944742036775,-0.5855288241233366,0.03300010398406011,-0.7028878955725052
100,171.0,False,-0.023344090676040766,-0.042129581938133216,0.13437556006981144,0.7972906203240689,0.11285276490582509,0.09064866082015552,0.7293633721613434,0.7908050176273606,0.09064866082015477,-1.341219714076669,-1.4253489608701877,-0.6778861906636612
101,135.0,True,0.5951986511699107,0.09240657547075146,1.1010372922479137,0.8350359765844595,1.0094878368481284,1.704431008330195,0.8351089441139716,0.6168523549945227,1.2416685583481453,-1.401520214917428,0.33281361313804664,-0.8211599492508597
102,38.0,True,-0.13632872699812495,-0.0394822424707602,0.00029845703096417764,0.06333437186705572,-0.10043538925181207,0.2205876706550348,0.2295351307827714,0.046148379299867606,0.10710554280028962,0.5026828498748657,-0.651281012443394,-1.570079992924429
103,12.0,False,0.3359847649570887,0.08793924699908721,0.2850770741120518,0.6443366315394811,0.5950810752003015,0.6212465592385451,0.6443366315394806,1.5831174512175024,0.826838918954534,0.989713033285805,0.8624447963157468,-0.2629696110774594
104,107.0,False,-0.43391610897671357,-0.1317369948019053,-0.3385414019690309,-0.7767890278376913,-0.4452313564199054,-0.6549237650078163,-0.7767890278376912,-0.1323705366549414,-0.6512611740543804,-0.1642945926252907,-0.1255920840343272,0.4011582096101373
105,119.0,False,-1.4839395840890837,-0.09644882380096881,-1.3239383541893213,-2.3833766568446233,-2.1212514825345243,-2.0698803387232108,-2.383766882278749,-2.0467683015188847,-2.0703210739837634,-1.0743648582284346,0.6691532407894528,0.9084019250927495
106,97.0,True,0.06287876433375257,0.07916123874361747,1.044594863946008,0.5748929260929184,1.3640127401029716,1.0556458501909298,0.9473872821719611,1.336850112414576,1.0556458501909298,0.8730421526217066,1.2188436051712233,0.6471027285461044
107,44.0,False,0.08768420089031567,0.9382944724995427,0.8411088443480611,1.3446002198061333,1.4251620046376883,1.2663357795903838,2.336747023642096,1.6126819719542524,1.2666125569161493,-1.2803939447145731,0.3829295827134724,2.457336522342424
108,35.0,True,0.09241700248632777,0.3627421133300091,0.36952909610398355,0.6781551831126079,0.8122879046026322,0.7749249234713209,0.6781551831126073,1.0595882519163295,0.7752089124962838,-0.7130680950592722,-0.8757211434228455,0.31868163507784153
109,78.0,False,-0.4545018821253407,-0.22257372210557147,-0.7009542961486749,-0.6920889204584466,-0.895903520171403,-0.8453874964714783,-0.3988989302346027,-1.0107534772741409,-0.8057585210451885,0.6210178535400985,-1.5143186317046384,-0.456333893932018
110,13.0,True,0.7966228116860523,0.7452988144482464,1.4699863278971346,3.5797628901904726,3.3166914792174618,3.41847407973101,3.954224455683664,3.1457722062803564,3.442810847692261,-2.2501411735745918,1.7533841175163727,1.8716346370160677
112,143.0,False,-0.11031050086192441,-0.026724635807932523,-0.38809117892548817,-0.14948486275590359,0.0056080471676608285,-0.37677784037289164,-0.14952701390233947,0.08448105632493128,-0.46292736456154887,0.38636959756630584,-0.11129219318751944,-1.0472180935940827
113,121.0,False,-0.051315629157454586,-0.06778407963599255,-0.10246508794744971,0.5483347231525699,0.1880195848887183,0.050634450072085134,0.28565379370019894,0.3685663106588022,0.0467290782622334,-0.5816408364095031,-0.6885649476343216,0.968477609522218
114,104.0,False,0.0633675652588584,0.06378023954308706,0.48133013562450766,1.0578472276184785,0.5079071554290595,1.557924761638641,1.0733330451792724,0.6016001298981337,0.5034456847899509,0.10927969747781388,0.14425708806082496,-0.955144769724686
115,54.0,False,-0.013892993815541217,0.08791320745131831,-0.23705467401233826,-1.0256223473091173,-0.5828412427497187,-0.583202478084006,-0.6830496936041288,-0.3083667318294737,-0.3815164218226313,-0.07570152622082311,-0.19141133048264922,0.35411165760150265
116,46.0,False,0.07111066028770051,-0.07036127034953105,0.04636824298591838,-0.031691820733904814,-0.17473828199083652,0.40340393552353354,-0.4724841350586492,-0.18804468385899314,0.2387884775158765,0.20211439504395987,0.8521422642126877,-1.9683967522378658
117,100.0,True,-0.7229252677117263,-0.16086563619464406,-1.1746534744000394,-1.3307754516790744,-1.1378866715629574,-1.1068327718744604,-1.4417959931523496,-1.4900052584514583,-1.326579784119637,0.6941719367070082,0.03392818243710029,0.8992737076506074
118,53.0,False,-0.6052620107311508,-0.1753590015577406,-1.2460938512992583,-1.198331818803787,-1.2782705084310049,-1.6083708797946215,-1.1983318188037866,-0.6364828352812238,-1.3707456184878066,-0.7583697508984092,0.013749583618419497,-0.15824761527156533
119,61.0,False,0.05546812293947779,0.16046816211457984,0.6340644955318622,-0.22704333590086503,0.6193917538299574,0.9011553231634157,0.36697141734350264,0.8196494186843826,0.9015563393843232,1.4209820223119163,-0.7145797210329641,-0.967681471724209
120,172.0,False,-0.07219076668008875,-0.6359609625695751,-0.07581862977383164,-0.5332279345199661,-1.0146463383526023,-1.085041648471949,-0.7577780891142335,-0.9191126066483285,-1.1749215278665632,0.726093788947765,0.4695680987474934,1.6784190387621596
121,63.0,False,0.5070658592841694,0.21629930487657167,1.9659947527130264,1.218051388274821,1.7192506919930686,1.891637662104401,1.6824132597327635,1.7100264614828675,2.0594264399613382,0.843732662303268,-1.0338667223549824,0.7653546837661211
122,58.0,False,0.1748324928606803,0.30587119136338436,0.20305406476239596,0.5854194062449624,0.5218035411785475,0.6814392003955315,0.5854194062449619,0.3041800277084757,0.6973287128455249,1.1648639811110282,0.6658894397639671,0.04580783577937577
123,47.0,False,-0.8125368527514677,-0.17053968026109598,-1.3555454938884874,-1.4361439792023416,-0.8385638102088435,-1.1193625859189509,-0.8644494198813445,-0.26802901935297235,-1.4980552298140564,0.7875882217058694,1.5239375129901318,-0.7454433887901278
124,57.0,False,-0.040372202861972704,-0.026227195695453315,-0.7662844115946135,-0.6288783066962644,-0.6970298368036706,-0.780202774024737,-0.6288783066962642,-1.2129327829820131,-0.7802027740247367,0.844078680578592,-1.5246860380991518,-0.04336259016175258
125,17.0,True,0.0002028555261454493,-0.026023125438439813,0.20914830506184573,0.6397900282084567,1.0267769282094221,0.5883518689890725,0.6397900282084561,0.9944163417829283,0.5885572993890014,0.07559361074288512,-2.466229231351318,-0.16392876295519593
126,95.0,False,-0.010815976484384017,0.11387927154326104,-0.09000918034577288,0.5950841495527639,0.24735862639334927,0.13952307629283725,0.1460858149560224,0.2700490959423206,-0.0892833127596183,-1.4267738509897323,0.6168787551543194,0.7247764935410931
127,64.0,False,0.016753718117429945,-0.3985746189967196,-0.9137046136700298,-0.16990519151781378,-0.922539375057367,-0.9940263100208047,-0.2553993605441657,-0.7524430351059779,-0.9940263100208043,-0.13504510003701392,2.547897815483126,0.7980751811597928
128,44.0,True,0.2513738706847994,1.074359703457412,0.05752970062437917,1.647496840731279,1.6013794794581022,1.0287160289268356,1.5514748347575078,1.9792701000043835,0.9556648680853811,-0.7695146401767057,-1.0009248488718936,-0.6677563797627329
129,44.0,True,0.4655605015077818,0.46166337766874627,0.3112730470864077,0.6873510687224293,0.3373963976241809,0.1706491851879098,1.1210456306023766,0.8622076385476736,0.17061683161574023,-1.4227417685154136,-1.2506957588019882,-0.5493705607570516
130,86.0,False,-0.13697614326715477,-0.365394156673332,-1.676755693220644,-1.7639334616831261,-1.7533056498801427,-1.7808408138733167,-2.4096320916491805,-2.1925166910422984,-1.9065680260263846,0.25845279091298756,0.5889689337804737,-0.5320653277786109
131,75.0,False,-0.2524149516036882,-0.9748704593147045,-0.5256199432756035,-1.1615232321742617,-1.4833468295044303,-1.2594958398026816,-1.3683429407263936,-1.6626347061863878,-1.4467255490875939,-0.5685494541476426,-0.8407215900583078,-1.3493172462579026
132,68.0,False,-0.10973818514384089,-0.047816005822132836,-0.2015735954564236,-0.01538063482011474,-0.23467953948789771,-0.14763305060589652,-0.015385767026089807,-0.3259175496429412,-0.1476918474076219,-1.0298044380114637,-0.5060254839367364,-0.5915748828912161
133,21.0,True,-0.09612106142080529,-0.8457400448566235,-0.2645152014608312,-1.4411288301044103,-1.6251181952348572,-1.1901314925989246,-1.3190130310775026,-1.4661185354060675,-1.076758302409981,-1.0430010800715654,-0.34811746668377785,-0.09240806520639366
134,61.0,True,0.009449951485438191,0.0159139651330697,-0.4566857136187985,-0.8818747413018476,-0.6331363032576998,-1.0339044041508891,-0.5117732599999412,-0.6198726806907584,-0.561080547268633,0.26841707970891465,0.5320020862917986,0.6909519446056412
135,37.0,True,0.5194203820760617,0.6998807519580229,0.37921148115064546,0.8611140014421378,0.8194153933760991,0.6341598904482885,0.8611140014421377,1.1393491413659902,0.6327155948688769,0.35867194917034445,-0.40530236139311865,1.3203794893667786
136,97.0,False,-0.047858996750437297,-0.028420675799649523,-0.1561106608184856,0.04463072157014882,-0.06434610320849599,-0.13358184206209786,-0.263731949575971,-0.383423111992943,-0.13347746227557364,1.3224574697668332,0.2778828400801602,-0.8083458775593314
137,1.0,False,2.2313470706560876,0.6220663609127081,0.21475082070113874,3.186765208898723,2.3337510421159178,2.3288435384915993,3.1873874992676052,2.150035047618246,2.181430631776228,-0.013914668524093734,-0.17653325889357535,0.5509765318813011
138,77.0,True,-0.07668504495760863,-0.029093219709128353,-0.010208889914706552,-0.16529366570053658,-0.22514119348327175,0.0570449095659678,-0.45648161379783425,-0.13709876491034315,0.057047749510030166,1.0418397592128221,-0.8446711036516033,-0.44445682570554373
139,84.0,True,0.023350093776187707,0.20695503978891172,0.004289051095067603,0.17564966659934653,0.34825555724783047,-0.28328989790284553,0.43103179000849934,0.40337263177136473,0.0014919726902666043,1.4022648267725224,-0.31982625774322104,2.0751877763153903
140,88.0,False,0.06364573233515132,-0.08430445742366091,0.03736260155660165,0.7775643725854305,-0.34024559940399296,0.45785907034735146,-0.0284064414782356,0.08037759277183498,0.1415742455226466,1.1501656361496921,-0.9503996651679186,-0.048723544625703656
141,180.0,False,0.3204389247875034,0.2077346568945374,0.23205241893942913,0.6197205487259552,0.42736340677875745,0.5115237447655927,0.619958424129619,0.16833778677872424,0.5118082579402059,-2.3653039062769743,0.006514985869748843,0.5021269704086143
142,29.0,True,1.0193505577768052,0.2331075660993075,0.8419467502039976,1.2928688254218579,2.185967171072714,2.081356358935251,1.293051902177733,2.158097184172832,2.1530964055068584,1.228683719203421,-1.1238662275656366,-0.9361621531378327
143,70.0,False,-0.19267443820541255,-0.09466575505224736,0.2610360047617204,0.05894831054048046,0.13154216271950522,0.2668712388746601,0.25058427084808826,0.11364655053206109,0.26687123887465936,0.33962000824864264,-1.092894369295243,-0.8106894642994449
144,61.0,False,-0.11165155846604466,-0.2868838567654957,-0.11992686668079036,-2.3519183000670707,-1.6341916878826137,-1.4604971886452172,-2.3851509964065802,-1.842904227584338,-1.3580619031102183,0.42377135285334727,1.4569618153052555,0.20169530087063778
145,98.0,False,0.12603303466570648,0.05535930362834964,0.08283155942694956,0.12111414162270955,0.18412817413993782,-0.02301272295004543,0.12111414162270924,0.44919498863053897,0.08541628833324962,0.37122741773625884,-0.05318422030534141,-0.3840544504961268
146,72.0,False,-0.20833087518258356,-0.08737033819759939,-0.354045921091032,-0.46905127540813313,-0.8533799229566275,-0.6612993383100956,-0.8969208359248131,-0.8818350143930435,-0.7758991305716061,0.3827571602707609,-0.05390202547204295,0.3532885925705412
147,1.0,False,0.7464281718908025,1.2054161449400107,1.6468040372513189,1.6466840380348124,1.7521520816287663,1.835305459586755,1.6466840380348118,2.2527052623034414,1.8552937688995432,0.3194142202523809,0.511536419917619,-1.5618241192857418
148,66.0,False,0.28086781202031763,0.042464347506023806,0.8048015674747468,0.6467563742624753,0.7297937694033633,0.7784446950332228,0.7592971848171058,1.079458794380408,0.7784446950332222,-0.35891330853862047,-0.4208570025488712,0.662004970148938
149,38.0,True,-0.007996938633266459,0.14547816530842678,0.21746204890726803,0.3491926161043294,0.4384161259048357,0.1170227429972293,0.12508800693536723,0.2560752887838403,0.3547465174237164,-1.9016352983759945,-0.22853536747815809,-0.8994803577797336
150,103.0,False,0.21546472775200745,0.020449673946530945,0.30925366725684755,0.7448811585125523,0.4986147143262012,0.6428356824131892,0.9892037795310814,0.7800274683891412,0.6430869265842819,-0.10891472790742324,0.4251487353319089,1.7224233963662954
151,70.0,False,0.28494893737911425,0.0642904117214965,0.1555362228564351,0.30085088066699756,0.20784048460237814,0.09642338850539671,-0.1195340472714658,0.17453650657140152,0.115888204900199,-0.8037318485206766,0.2824158422444015,-0.28846724206797386
152,81.0,False,0.25439239343019215,0.05392407076314874,-0.23051253778749115,0.061948760209047236,-0.07442080353964008,-0.21982618180379518,0.061948760209047084,-0.09728529794055579,-0.3561467550335934,1.0801634125378852,-1.1592967269324297,1.0972650368859622
153,144.0,False,-0.926519817853394,-0.19780327776139028,-0.6167970497959214,-1.4981135222547266,-0.9470938216966631,-1.47746467741248,-0.9124319188792517,-0.6373353589497646,-1.4680045075983779,-0.2887665059953775,0.8333425966696618,-1.394983322863019
154,72.0,False,0.16488344062973423,0.7398039135357832,0.5864109907724833,1.0853972919282855,1.1004453149317712,0.2857204163048168,1.0277333245245608,1.474718705537524,0.6247068234205344,0.08347535610700986,-0.590434943289043,0.4289462445148908
155,25.0,False,0.37128372030199225,0.16215659875349306,0.15953699776303157,0.8467535519294241,1.9110294620880932,1.6756506418799155,1.6070111656939032,1.759983686123524,1.7800547596883556,-0.8496059556101431,-1.0560789503141859,-0.8880296507945876
156,174.0,False,-0.49489623702088925,-0.2272126664119023,-0.06183430263103151,-1.435933076206911,-1.6563950241111491,-0.8771590163676097,-1.4359330762069098,-1.8019364324385236,-0.8205989216759926,-0.5106224678981267,-0.9004750699990517,-0.4868890686859325
157,44.0,True,0.4867196047269963,0.21290554503371445,0.05560047773704115,1.384555069485244,1.6296650390984149,1.0463632743049855,1.3845550694852433,1.6673933899515612,1.0139691807275342,-0.011533061686586776,-0.3905453443553229,0.024596382191250814
158,67.0,False,-0.22052403917958746,-0.07111931690946682,-0.22565303362297048,-0.08089926394288942,-0.036671688387718324,-0.14702484355062964,-0.08089926394288942,-0.291655001606161,-0.14711420590386723,-1.4853751842635452,1.6273002546230673,-0.3170749669346225
159,58.0,True,0.10871127048799392,0.6670406430220294,0.9083248190349362,0.883404034625953,1.229261879157719,0.7231376376695359,1.1369317195763822,0.9170416969619177,1.1232087551215915,0.3006851142946058,-1.1755359049207805,0.26425562514648243
160,178.0,False,-0.48164338822593006,-0.14172881598018758,-0.37960067931587455,-0.8355629416929934,-0.952631275863232,-0.7285310146162206,-0.8355629416929933,-0.7115586526791484,-0.6759957719938176,-0.10607225344775092,0.16007589253434076,0.7476554288062055
161,52.0,True,-0.05280603846621504,0.003371187457108016,-0.03733858329007976,-0.03169127838483874,0.1788748434257153,0.2063293639771672,0.15025005657576437,-0.05704953569681626,0.2113262051330921,-1.1857198050052338,-2.1378243580905774,0.6527821390898572
162,141.0,False,-0.024537882299706774,-0.45099441441910804,-0.5117214529416781,-0.5813500917896676,-0.7846167411576255,-0.772164493883306,-1.003667829062332,-1.1702558026630385,-0.7722064275067201,-2.3982328653977714,-0.0015669331451969059,-0.08748148289345688
163,58.0,False,0.4909526393866644,0.08973413728562674,0.36587417934752586,0.6334503907165583,0.17081893059134987,0.42035648989947577,0.6336442063912506,-0.038609262195089346,0.42054887520460965,0.513052133880305,0.8995664174760071,-1.3634305099843498
164,33.0,False,0.23245415961465704,0.09030254080280076,0.13295652646022504,0.3255524417041248,-0.048908635100699684,-0.0005249788635311539,0.7813820963071337,-0.2429320246492862,0.11876176136597141,-0.29758403894333035,-0.23666332206145513,-0.8046461065088295
165,60.0,True,0.19635987408231637,0.14708671069096774,0.03525620569268422,1.6426790284587434,1.4923553033489103,1.5004243028534612,1.5933543815104962,1.411096276980966,1.1908342891342785,-0.5300084132181584,-0.6293549238833419,-0.1957562084777642
166,37.0,True,0.07361011769493526,0.5148451208483694,0.6074036925582241,1.401281289305224,0.7549897456274007,0.8909907681953068,1.4523132046515954,0.8325941964333531,0.891220934495702,-0.23615462985294203,0.23151106405853766,-2.121825972601985
167,36.0,False,0.1447367822042354,1.5581397487941901,0.15723852758064566,2.074460068876803,2.2796918376658337,1.9842465703640468,3.0982790230919024,2.6669413038685734,2.0047865016435487,1.816475940881144,0.7001517511506504,0.7520805892207797
168,36.0,False,0.8468433116803578,1.409850384780744,0.7502651327529033,1.9297481755408847,2.078362208781796,1.8197337271268064,1.9297481755408843,2.528477694825866,1.97929108076709,-0.049800969059643194,0.6636575710174066,-0.23963819232902653
169,58.0,False,-0.16753858540231104,-0.13059846917484638,-0.5566293312663846,-1.082117245254018,-1.2817875974610007,-0.5360210984216704,-0.6102243708511663,-2.006069431567545,-0.5360210984216704,0.08661926298854213,1.9724738539297917,-0.25131929860688523
170,15.0,False,0.0028840875178834284,0.23883734465217307,0.21140106177005982,-0.12901900653371648,0.524728337038573,0.3307699982143811,0.13407773400586598,0.6731153230909301,0.33079786569926606,-1.487072869675398,0.20916747233627678,0.948376210637088
171,62.0,False,0.16882697329004054,0.08704920827818168,0.21146074397705278,1.42639270129909,0.9946090585712518,0.45753392405173465,0.9424426702002061,1.3737123463414718,0.49484723606353215,1.6473390663560998,-0.5924100997529326,0.6679105062494222
172,1.0,False,0.30496899733798405,0.2754666708226485,1.4902853950419206,1.493197494965823,1.1869154465794882,1.536787517598397,1.4852436334464618,1.6638328162517402,1.5367875175983974,0.9174879834442943,-0.12597918998664273,0.22100096632251784
173,53.0,False,-0.07727267634695872,-0.14413720822790838,0.012184511251662769,-0.28898028895922967,-0.14887415427511264,-0.150473411767881,0.004200279532378023,-0.08070388806744391,-0.1504734117678811,1.066934867005179,-0.07249854561981205,-1.001333587233463
174,85.0,False,-0.5222528715527948,-0.08115884563901926,-0.3939360596340253,-0.7255731199551796,-0.6761207677617475,-0.37594124053549877,-1.124165102633349,-0.7057963081928644,-0.37594124053549904,0.0476727312116796,0.10873738347811868,0.3104215762864059
175,21.0,True,0.36525442646333944,0.9967511650519956,1.7334460593324978,1.4669919713732291,1.2643137805217135,1.7777045196299435,1.5154470768317028,1.1559286467881855,1.8854260340321949,0.9166547888245957,-0.03002781322943489,0.3461775385567262
176,10.0,True,1.9767353710389959,0.41471067023738495,2.3622526171132545,2.9837358278159973,3.057190205939246,2.3002858186816066,3.196802255031076,3.346335574431034,2.300285818681607,0.37094683509441023,0.1739659388962034,-0.8847733337672445
177,179.0,False,-0.6037417689457723,-0.992848457839565,-1.1360325744631203,-1.2054827829863493,-1.40586300020722,-1.2445658453505721,-1.205482782986349,-1.5996034027699024,-1.244565845350573,0.6131890778590062,-1.6708500606151127,1.0433118451954217
178,71.0,False,-1.064038630508258,-0.15781675926885344,-0.9282069280868699,-1.591953431146327,-0.5501682729447577,-1.2761546889144242,-1.5921871866463355,-0.29389267229360583,-1.2763439827470877,-0.1521929584082903,0.8296289560400428,0.5078871822065824
179,54.0,False,0.7158478583694985,0.6658053461384534,0.6745410859524349,1.0472722677985702,0.9423454540615187,0.644851898556895,1.047507927875396,0.6916844946121354,0.6448518985568947,-1.473887948041959,-0.5747392689210323,-1.969624366516231
180,65.0,False,-0.33733300787305454,-0.30180719945579954,-0.6036433796821925,-2.3026060611882353,-1.7368371584008053,-1.3930407447197797,-1.6883061658909626,-1.885041660536,-1.4030661032317628,1.028854347803183,-1.1731586964470246,0.12194944967029515
181,71.0,False,-0.21532361826258586,-0.22245760547237795,-0.3660795347462951,-1.556470358992744,-0.9105916205394181,-0.7023483252098357,-0.9837932296370425,-1.1619897754066169,-0.8317628347655935,-1.934959636609707,0.6377511596414357,-1.264697993973541
182,66.0,False,0.8123337279279969,0.07902791789360536,1.4396898186488563,1.207830342467959,1.3351377959890267,2.795817623417874,1.2080555330606664,1.4067092633076126,1.6739427730420906,-0.23993667125803605,1.317326007386082,1.1363151482568636
183,93.0,False,-0.5642924367711704,-0.6557913076485896,-0.9198895814968323,-0.9510575115785345,-0.9543040977020042,-1.4780367801124565,-0.9806295892481541,-1.3393952373224738,-1.0275428761873366,-0.20452248839966083,0.4930281494994427,0.8070279575425833
184,57.0,False,0.05658585994879186,-0.07967654508591976,0.07991324301139051,-0.6394958269284517,-0.4036360157324871,0.007847362451241145,-0.7849484571695259,-0.48841296497053416,0.20453100543875977,-1.0428601409845046,0.16115931384552032,-1.1035907500633413
185,22.0,True,0.5067191615673003,0.1122381293461073,0.8780668798007449,0.49760416710728395,1.0860796922902372,1.1367468508749294,0.49765111479891466,1.056870209999372,1.1371063314991081,0.6131231363365798,-0.9322203053719521,-0.8848726996475548
186,116.0,False,-0.3094033959028139,-0.07933013844335013,-0.0620988090187019,-0.3575288475346209,-0.5271276304625352,-0.21177773960623905,-0.3576088667026549,-0.4737653788294041,-0.37760548792054416,-0.20032970140956835,2.8715673378134987,0.10185328474395018
188,44.0,True,-0.03772373238537162,-0.02537005171791877,-0.033754921978217944,0.18712654839205717,0.06027712406322492,-0.4015893348054151,0.0184957710428561,-0.10812567065610387,-0.26018173449604254,-0.4368683255972816,0.8802586206615082,-0.23881081815849306
189,20.0,True,0.09870926706775211,-0.03774574496886262,0.08431667282411145,0.11399134822681255,-0.11138954957802567,0.6609602381632113,0.054651856322696306,-0.17535891531796216,0.08903340312482018,0.5198417309776412,-1.1392946703429758,1.52520308017327
190,59.0,True,-0.7237608447183346,-0.3983193867616074,-0.82876978092985,-1.2942956678106388,-0.6883629962871539,-1.4179795087464617,-1.2945944701031336,-0.8086137611276557,-1.004425616623891,-0.47657904055841377,-0.7796379162397445,0.7409738171791774
191,4.0,True,0.25673596702575935,0.11577441033018124,1.1841101270238479,1.503102729027163,1.441601070247117,1.1677479421432024,1.0414961212710603,1.4446415926509917,1.1677479421432024,1.3889799748383085,0.08697924857190435,-0.2824272472716989
192,93.0,False,1.2847476946638385,0.27782163826264855,1.716108468083878,1.8624065266670704,1.860197126190042,2.2866101947635813,1.583994658670014,1.488462794086962,2.287121305203547,0.35145507618731386,-1.5547311319959862,0.5773959336763955
193,33.0,False,-0.03181236984165868,0.14898422659413127,0.21576009729922616,-0.012659361206289107,0.19167962294369076,0.37350865870760847,-0.012659361206288947,0.3626065241998752,0.2407901314200111,-0.47433298683443925,0.16863040701051427,-2.0322793065134026
194,105.0,False,-0.13148905075944814,-0.013554208934292662,-0.019983901515568045,-0.021750937935621245,0.06421652446973873,-0.4139514539735789,-0.021750937935621197,-0.013044336467095918,0.01824945005097787,-1.9442649759855442,-0.4590715557127591,0.3098646874168553
195,56.0,True,-0.24267359209565384,-0.2886764746153128,-0.2884858922519063,-0.2006852197323947,-0.2063616702503421,-0.19969954985562846,-0.20068521973239514,-0.39834708719880546,-0.19960070203517652,-1.3077531969011476,1.2262706003162174,0.8664070590018645
196,106.0,False,-0.3987517059556358,-0.06447689242153394,-0.41187624926510025,-0.5556960779315977,-0.4801031405250927,-0.44731956672993006,-0.600918823595947,-0.40932972801837164,-0.4474452774249558,1.0868307847683634,0.9621546636282469,-0.17895251107592874
197,95.0,False,-0.8869629702435742,-0.3180916697685795,-0.11990625885727219,-1.5711598934445352,-1.6386929352530475,-1.6017065258993481,-1.6981794730679933,-1.7687294412140946,-1.3707047211272227,-0.050604063111342405,-2.7112854374347726,-0.7102141913075584
198,59.0,False,0.09614641711922291,0.05106209298437492,0.06741886848714713,-0.7959496753944332,-0.1945709802443186,-0.2448897258690174,-0.5055477861417933,-0.32501488420606955,0.01246866841630054,-0.2831250656795347,0.04170258602731257,0.5658334533735658
199,28.0,True,0.16486685774437995,0.11995963237900288,0.5247023249969711,0.6860362877024618,0.73149789437108,0.5886508736309738,0.5679774912185791,1.5373893239247383,0.5886508736309735,1.643251614242697,-1.6174674995236882,1.9586147276154673
200,149.0,False,-0.04394333673002999,-0.19227359363902344,-0.2183502482425015,-0.27842689457735376,-0.06892911205211982,-0.05472580561532459,-0.8734556725566266,-0.4139597297324139,-0.14415254661470756,-1.2826492440738984,1.109637999248523,0.2048689341867044
201,54.0,False,-0.6864942582136156,-0.09159681309885334,-0.10151999559471556,-0.8886539174142948,-0.7904017449819286,-0.46580262800636374,-0.8889127534775189,-0.8306616593046732,-0.7349122826228509,-0.5856577998413593,0.16810586912782435,-1.1206776631652569
202,22.0,False,0.2559929272499025,0.004255294695084224,0.058766305929614335,0.503028082880677,0.4943883897571335,0.17349091286386664,0.5215157749804604,0.3293091540762186,0.15363249662724585,-0.47258767675848407,0.5484054521869972,1.4458047879194504
203,180.0,False,-0.9655024166396213,-1.1915838377824455,-0.6418559643826586,-1.7260957527521523,-1.8078969854964675,-1.5496665757523032,-2.3940425526807902,-2.2991759923109436,-1.636378937366554,0.5863372815313004,-1.065124728803299,-1.8785474803883646
204,174.0,False,-0.5497335945875481,-0.7956835779996255,-1.0336350544728279,-1.0818281246897188,-1.0516386934482527,-1.0630977351036934,-1.0818281246897183,-1.3031465306839738,-1.063097735103694,-0.663535198304047,1.8284302379955002,0.5032048553317773
205,38.0,False,0.5019680378866687,0.07319168729585294,0.6131940764058994,1.0248590429705053,0.963843417305455,0.6727956545279886,1.029175674078786,0.6460386790329591,0.6727956545279887,-0.6134178486140281,2.020073367150445,-0.5819546491605353
206,121.0,False,-0.16432652799478562,-0.27185913924270944,-1.6736577495343063,-2.710287010895121,-2.700632336682126,-2.419926583614653,-2.5902044767579047,-2.758778787200743,-2.4205716744542984,-1.6051493968851136,-1.0647710426262125,0.9305984310891107
207,77.0,False,-0.31610750063948967,-0.29421917447793916,-1.2220136719593226,-1.4400386300376087,-1.1173989675883746,-1.7423373864468652,-1.7406212754179062,-1.3505550426050765,-1.7426725475633094,0.7293494040178566,0.37281512186631627,-0.8494743678230212
208,73.0,False,-0.8866084396070721,-0.28684696375040913,-1.0661867086722903,-1.3952188543203323,-1.4671547716479876,-1.4220376103730743,-1.8292594339091364,-1.6874996760416094,-1.4223437598800706,0.8061393585150219,-0.6733024283901868,1.3238478058527734
209,74.0,True,0.07668863564793438,0.352658096098138,0.41926231081640475,-0.12223686763908741,0.3825950068483834,0.4937753370426006,-0.1222905733293193,0.3824591656507911,0.4939525134442458,-0.476376747401162,-0.0235699368607321,0.3002730904204611
210,70.0,False,0.09420468877974113,0.0015640648213978274,-0.1437230798024144,0.1727479852453171,-0.24220311540989148,-0.8326777687478566,-0.3482228215686715,-0.3447911504620088,-0.1892102601702428,0.16333994554129863,-1.2656369792245639,-1.7268406314397753
211,134.0,False,-0.031583898521134496,-0.0235833428652883,-0.07432050366018195,-0.20725259497339912,0.014756056824908185,-0.028957789052995273,0.30889752338826304,0.01802461788429077,-0.016425013093563638,-1.2926461227593415,1.8671455145806186,-1.9738130282047839
212,137.0,False,0.14206076577665033,-0.056022820467327726,0.48405386336335304,0.3158699981546338,0.09713588224906103,0.4160001512222843,0.3158728845589841,0.15015933073519197,0.41600015122228423,-0.4718131547409021,-0.969179511082668,-0.31609551266496017
213,41.0,False,0.06935127146330425,0.5570127509385454,0.34454310226836976,0.6256357451829797,0.6695188184612343,0.3925910665715536,0.7642398580198176,0.8469629904633129,0.39259106657155385,1.377950952722521,-0.2960838149974946,1.2942116284105942
214,104.0,False,0.8436053942993978,0.11989012542753359,1.4740460969293268,1.6661712251557577,1.6190610089376856,1.6441117561794423,2.196937630214951,1.7468157603374683,1.6441117561794423,0.13573073406713437,0.5014829311105223,0.12703003524338138
215,152.0,False,-0.7305649763869493,-0.04170764836261927,-0.4651087532441486,-1.158587503349333,-0.8170880795864134,-0.5245947259479969,-1.1588634281596926,-0.8198500525594987,-0.524594725947997,2.310363486795888,-0.6475606784161285,0.06712070250380273
216,110.0,False,-0.12562007521641694,-0.04645838464082412,-1.1622694224015087,-0.7348403660657807,-0.8391044994990047,-1.1201429922334192,-0.7095837344291921,-0.7684929247422767,-1.4235743775667675,-0.7871927421571577,-0.23931242973230216,-0.23590383366766396
217,145.0,False,-0.06028360059897965,-0.04799490626939516,-0.19439577063060537,-0.8921907820871757,-0.49018686835324643,-0.23536579500882276,-0.0860425071878838,-0.9095858455742769,-0.23536579500882315,0.5802844167243075,-0.5636398464269645,0.737900169928009
218,67.0,True,0.42853480111488773,0.0967391766768903,0.3240095451963521,0.8216171275238245,1.3391509983072916,0.9908426702187505,1.285119846837033,1.2404202170311276,1.0111593176497693,-0.19550582783310236,-0.13346075483629405,0.3773267966948902
219,117.0,False,-0.21708185268648666,-0.02691866696818182,-0.013456471928719514,-0.47515288205428996,-0.5130555007975633,-0.5944510534148992,-0.8765965478762913,-0.582855454764057,-0.29868520038476276,0.5658178468280931,-1.1705426351003028,0.2803458736422704
220,16.0,True,0.9775487188194025,1.0774196511576657,1.0900803598955116,1.4884890032028704,1.4130612984873951,1.4636769932434992,1.0828787250504206,1.2863107290901816,1.463943547172932,-0.0072113596587564995,-0.43798807560230063,-0.9847229413579084
221,171.0,False,-0.06984786161353532,-0.006732045386235376,-0.015295524356242575,0.023531616189917323,0.24488595056731668,0.21277293180350834,0.0950955359397271,0.35908934114314073,0.21294350715941793,-0.5611981104091591,-0.20689292471224427,1.1878533083569829
222,58.0,False,-0.33613286716769947,-0.41314240968411814,-0.5436367540689869,-0.3133605484863618,-0.4528054335700547,-0.4955473724057136,-0.31344470063217506,-0.6020614150056305,-0.5438727281845177,-0.8676167643217026,-0.33372600380413486,1.363080412725391
223,75.0,False,-0.15321759563689227,-1.5342401207164904,-0.15303188759173378,-2.629804033918171,-2.3713956925677917,-2.4254083048822195,-1.7696440689290365,-2.9389661113642584,-2.087045741399904,3.0660367390488967,0.05668995489379499,-1.3013535202249853
224,107.0,True,0.3573444897654268,0.17287438685313886,0.2191318863786646,1.5804584623811178,0.9618745606279677,0.2840618065268284,1.3341152027125787,1.4475132554854577,0.2840618065268288,-0.07734505972421603,-0.2931022193567212,2.3014951328449555
225,18.0,False,-0.0843615554127118,-0.08360176330801378,-0.04716490136079705,-0.24343082759505177,-0.15970234339558717,-0.05639604818249975,-0.24343082759505189,0.059487740506668316,-0.056365105132812426,-2.016660690233245,0.7532114084393808,0.7225065897534976
226,143.0,False,0.31073564293479766,1.263864308432919,1.0930841279551655,1.6091224912003097,2.047484509839146,1.550131852890711,1.836364819215338,2.4661155770453838,1.5506092100703521,-0.6486006079033346,-0.3231959257858299,-0.48800599638147046
227,24.0,True,0.062055827470819995,0.0864778537863085,0.09082785686124267,-0.27880868692121663,-0.0048546283738110044,-0.3983507797862255,-0.16354795400429484,-0.6556385537547372,-0.005494403505818693,0.6780397271239971,-0.13664959629588416,-1.9043559061435325
228,90.0,True,-0.09270530269281475,-1.0666452920535345,-1.6577326092202158,-1.667434658578987,-1.7527251228935405,-1.6767687169300602,-2.843804666297957,-2.175899921255005,-1.6767687169300602,-0.5000084331847482,-0.6647813359958524,0.6568464180302901
229,74.0,False,-0.26697122742940177,-0.01665078909415773,-0.7012990392746764,-0.3978990471343824,-0.6451772044301034,-0.6728692301110192,-0.3978546754762623,-0.7129485544447209,-0.6728692301110196,1.3604462024852575,-0.526514840115237,0.557511373399325
230,6.0,False,0.7071451374802993,1.2220280175415967,1.6953732922077385,1.3709976222169658,1.6347024352627677,2.7635009765365366,1.3709976222169658,1.6952340109719053,1.8730620372037128,1.0023982728439578,-1.2644927908197123,-0.5956318243301262
231,102.0,False,0.8055590094869173,0.387884281791373,0.2631039259773909,0.8803117105045292,0.6951775848659992,0.40021970012145053,0.880311710504529,0.18607900796711652,0.40021970012145114,-0.1523386358242358,0.5187849208779641,-1.7905532669844222
232,89.0,False,-0.6183764096199242,-0.045027475157133706,-0.41431765402743204,-0.9942274018367822,0.090471319347308,-0.5840007440257443,-0.99439746567755,0.37760730166229184,-0.58404405969731,-0.47221594277604334,-1.142518017652492,1.1244767578841879
233,61.0,False,-0.750057619284623,-0.794127464729908,-0.09393647593567324,-1.067506191213685,-1.1415601966503774,-1.003638508825224,-1.0677732698003266,-1.4309833050852734,-0.9544861445892759,-1.0048010070276965,-0.7458563981883249,-0.588318953093688
234,97.0,True,-0.0026824740767583772,0.0046965632809035296,-0.1299197303759992,0.11438395099365019,0.05227898496877759,-0.18294295850903822,0.6402335016662115,0.4022601354410884,-0.18294295850903805,-0.6999665423133247,0.35924465201120453,-0.4717450752396646
235,191.0,True,-0.49523708716989373,-0.09063990506005012,-0.049630337331228895,-0.710981656698304,-1.275263872048563,-1.3426979377184916,-0.7110802117858082,-1.3671867481402284,-1.1847662920779822,-1.473143074665625,0.40257336594453236,2.845645074509526
236,23.0,True,0.35945463169104036,0.4058990689208408,0.08240481707815137,0.6634870219748468,0.4763332828417884,0.9754575375894062,0.6634870219748468,0.5920547718663725,0.9641441735112026,1.2043962915330844,-0.400114751005071,2.127972196949781
237,85.0,False,0.20914324324845987,0.07772817133144012,0.07518766869392132,1.0828900009626667,0.9289892344148376,1.1362247336270377,1.0679918820966694,0.8931357245259954,1.0506330137725315,1.5907007871260619,-2.0192658104888017,0.9537367314931017
238,233.0,False,-0.09630448183205081,-0.14365709368485766,-0.09228879553640185,-1.2883674069761373,-1.2508627576836409,-1.0674143808619205,-1.3968241481693298,-1.2646216984276808,-1.1812002492319638,-1.256138069727733,0.42051328729557524,-0.4554210238658131
239,128.0,False,-0.4433039437072713,-0.12933192352338224,-0.5831077133258555,-0.6733288935729623,-0.6262568254257254,-0.6214746374990542,-0.6733288935729627,0.12737804100927783,-0.6214746374990551,-1.1816829756864633,0.2595634588920596,0.649461273978431
240,165.0,False,-0.46980810649169985,-0.07122670092311553,-0.007248123014033365,-0.8424436175923646,-0.994870566302556,-0.2861188217830226,-0.8425581066183025,-1.3223533732649202,-0.31399610490933183,-1.768511857086917,-1.4123812154717754,-2.2814697772878496
241,3.0,False,1.266805110594437,0.15867525755170092,0.15700024349798736,1.7766346251729763,2.143764574063699,2.299359431460675,1.7768964676515508,2.1187165664902152,2.115949533796716,-0.963854230732174,0.770322082794496,0.10653270157752616
242,88.0,False,-0.3551842101174452,-0.4340482583148776,-0.26187712729450324,-0.5805805941189021,-0.5109137300886732,-0.45323623031769333,-0.580580594118902,-0.5266771999040579,-0.4505265060371178,-3.1063368012832915,-0.7010998004334262,-0.759818281782311
243,58.0,False,-0.15960442648227532,-1.4968824110596064,-2.286436282208551,-2.8925797432221056,-2.1945532313350284,-2.31845238528997,-2.893731892874646,-2.1399112069572377,-2.3184523852899694,-1.1422789566319196,-1.1261881161533005,-1.2856051436646596
244,110.0,False,-0.24072890111377093,-1.1383630579628017,-0.5323504369465397,-1.2106905476822238,-1.7802583415979605,-1.5052636657079688,-1.494583951159605,-1.7689853364502972,-1.4609483231468439,1.2969153998005238,0.09573071096425678,-1.5828044642378765
245,94.0,False,-0.09324273692195012,-0.12735151532161562,-0.10138543922696927,-0.4466880475371451,-0.7794961350306632,-0.9712459246122273,-0.24456361357187417,-0.10373175952209981,-1.0437100442431997,-0.345672529464465,-0.17847043139921506,0.5251415978751188
246,74.0,False,-0.20107426499165443,-0.08884076692708731,-0.8982103429187667,-0.3381479562823677,-0.6082204495084261,-0.9283507023988175,-0.3382308883895815,-0.8081593074461781,-0.9283507023988172,0.8545842348534083,0.20262400099114752,0.08930037331340701
247,122.0,False,-0.05987039692512104,-0.08605617555886072,-0.06570040564557338,-0.10848133512397304,-0.2905047513095615,-0.30634773162031226,0.008148444381391331,0.07202826007739621,-0.48652925841489375,-0.4889690638420449,-1.6057480583244386,0.1597236640001516
248,56.0,False,0.050217600408874366,-0.04934776934297037,-0.004652096491657272,0.14295060447638838,-0.09735641804920125,0.056904554091675406,0.14297153080207933,-0.11987456517300725,0.05691444762454828,1.760667296993123,1.8122301162723733,0.8423760552565885
249,109.0,True,0.4913915482509542,0.09132760695899697,0.2743746672896621,0.9829987279891025,0.8212075613701174,0.8155722538077539,0.938668987490832,1.0709137028226132,0.8178290907509739,0.19921798301385701,-0.602658614543728,-0.8460837686653659
250,200.0,False,0.08274901246489026,-0.006037044096456223,0.07546810689705477,0.17445422957665954,0.032576699139660124,-0.012982599210991678,0.17449939502445325,-0.30159312638563207,0.08999993599836016,-0.3820022921434805,-1.539659308496411,-1.2355844544689116
251,139.0,False,0.2669819524836775,0.05506286867422022,0.2131704610800353,0.3299838448318909,-0.24230024663164168,0.31343638037681454,0.9729460253899757,0.23792673134051406,0.3134363803768146,2.552424025371081,0.6188421885671495,-1.7763653849182433
252,123.0,False,-0.10697937260714649,-0.16578289238147462,-1.0099136091343475,-1.3831261929869918,-1.340802803590622,-1.5028089147110333,-1.6858047358500945,-1.496138433602263,-1.503267834553754,-0.3244718562854392,-0.3548041301011767,-0.3351965739266949
253,112.0,False,-0.44161486183547816,-0.4867143998426616,-0.06699041022143556,-0.8281303355815579,-0.6705992154196804,-1.3573722245973407,-1.2719340798388639,-0.7900390810923791,-0.9675786839427661,-1.2212233497261362,0.32485848577290377,0.7601562085524842
254,21.0,True,0.5460369585028618,0.37389974775709756,0.6827904157186345,0.621908756569949,0.3742025409867042,0.7040783079162105,0.6220438402728831,0.15863011544771732,0.7040783079162107,0.2019100019601099,-0.33960843062503854,-0.1494235252760479
255,88.0,True,-0.07659200154873147,-0.8207225234675802,-0.4479768736961862,-0.7502925012160989,-1.1685739441951615,-1.09365478099445,-1.5015009989944066,-1.0641265170145082,-1.1677476575531966,-0.03883503855807973,-0.059740360479920165,0.6411281903517326
256,86.0,False,-0.10784632027688931,-0.1657551110971936,-1.2752868902287622,-1.0221639070020818,-1.0180642071186212,-1.0853133140289322,-1.6559031571522391,-0.5621197012845451,-1.4813043999865423,1.066324553166257,0.24577284373863384,-1.1810537136048151
257,154.0,False,0.06249407065664069,0.7139603900481736,0.8753964229460629,0.7855188277135977,1.0823269190137033,1.0977268708174417,0.6764656132904048,1.1403671713821157,0.9862063886805836,-0.9216339244978112,-0.7466528839828983,-0.4691213318717145
258,80.0,False,-0.3716899017329381,-0.478373460445455,-0.3334083711425585,-0.38278493242132444,-0.5795028983956765,-0.3339727234216933,-0.38285960934568747,-1.0691896366906977,-0.3339727234216937,0.8047169314794976,0.6787395958595579,-0.7659366813813416
260,59.0,False,-0.37159068461470984,-0.4586973952300195,-0.47644386920541737,-0.45974362758875914,-0.5882950560701187,-0.6174251960559733,-0.4598234756922942,-0.5839297731195413,-0.6175640953858234,0.8527484705742913,-0.46990009907954344,-1.2483778102356926
261,80.0,False,0.022380640832020883,-0.003977161184692241,0.057967269819130626,0.14025218370648065,-0.009682443430729737,0.22811395925403405,0.25661406598052033,0.18864191864565646,0.28310810160821653,-0.6676872919350705,-0.8696871441704723,1.859473537260907
262,57.0,False,-0.08560627432287576,-0.04168958167828823,-0.1497590153271242,-0.7281198562407153,-0.8401399115293035,-0.27369039208989593,-0.31506803191403443,-0.8651873183171876,-0.19019864041074167,0.16324400572267767,0.07703242182250279,0.8521407722678009
263,44.0,True,0.1389268443868896,0.08069910485010875,0.33681325064093787,0.4909679028520974,0.6146601762730854,0.26112209070484976,0.8350197457662812,0.9555980398650401,0.2611220907048495,-0.8307519568543374,0.44504127849104197,-0.7618005522771404
264,113.0,True,0.13714499954305034,-0.028081412664088513,0.38565366159310766,0.43175267317837807,0.3384834653490088,0.4635885131053032,0.4078707112690097,0.13665234867300952,0.4838381547383811,2.3458080738406677,-0.2290793416186396,-0.7660172081897683
266,59.0,False,-0.23352961010964748,-0.14524463160148854,-0.09780649318198792,-1.1969255125440337,-1.6070228891843055,-1.81241344633882,-0.9245162554487416,-1.0196684052595624,-1.2789493139414252,-0.7041395622801669,-0.8625197870795628,-0.057196853805184154
267,13.0,True,2.204262119431822,2.1947271148328524,2.237727423345805,3.085432458371105,3.116763645024275,2.209334716116337,3.0860105469305155,3.0258155235103894,2.2093347161163375,-0.4530744436687142,0.6197855663086329,-1.4420539027685755
268,39.0,True,0.40212932448667366,0.31452788766688594,-0.00811811802103799,0.7564858239167527,0.6592063338378868,0.3650996199991849,0.7566445871520001,0.5617634407094526,0.36843215950310143,-1.0658380219633747,-1.7603287921227768,0.43582716588443593
269,150.0,False,-0.07823254005021403,-0.19231577597107732,-0.783077046902719,-0.7866764964314312,-0.6891416680350357,-1.1412951477283864,-0.8982882510101171,-0.8251608142647175,-0.8457704246815032,-0.3461212751731734,-1.0308641360355328,-1.2942387751632807
270,23.0,False,0.02433701007316331,-0.09717914613173043,0.001218037686639556,-0.1399092153859114,-0.17864152895482802,-0.28185348029662954,-1.364213966386374,-0.44057726394787994,0.007187899029611431,-0.005876026696904225,0.03952289053338441,-0.3704329748709035
271,71.0,False,0.24912328557712796,0.12301290125295042,0.3187350239715985,0.7540023552598588,0.9711924680000074,1.064092660259198,0.7540023552598587,1.0230456082151216,1.042958659442865,0.7677891353446865,-1.3610593983050674,-1.0248226241279634
272,1.0,False,-0.20384480832317087,-0.028391735978900573,-0.1875664004107378,-0.35520008161015226,-0.0007952580194837917,-0.6782826873597239,0.09032054447607626,-0.44341421013523663,-0.7316023790922789,-0.6104866460656994,0.027994264249169242,-0.47984828973483024
273,77.0,False,-1.4606971792712766,-0.43403678628713954,-2.1833132522327348,-2.0705568628352844,-2.1907842240779534,-2.8266307264514365,-2.0709238775798484,-2.303258893721999,-2.4974076123078444,-0.1857739586715857,-0.05486311801846381,-1.3311571805649849
274,171.0,False,-0.2659492937298126,-0.07603657309629738,-0.05940893683949335,-0.4279476669400565,-0.33131677343945576,-0.47609782949182083,-0.42794766694005626,0.18176906241932242,-0.474113262536856,-1.416489366414042,0.8987397888581683,-1.572822027026339
275,69.0,False,0.21462893805850636,0.018641352393931762,0.2589307536467178,0.8016326087701275,0.2014440116671895,0.48572585556956943,0.8016326087701267,0.2885849092699036,0.4858682558574866,-0.8274022267661552,-0.9147903518132915,-0.9661408777268591
276,55.0,True,1.052389710085962,0.20102191811705733,1.1308838166220618,1.545555173979887,1.2876979409576366,1.6483519731429435,1.5457597631504492,1.6648115900072273,1.648696830535464,2.755807558275951,-0.6259065236416427,-0.680009857670002
277,49.0,True,-0.08295520931065063,-0.7736928963152658,-0.9034894029924023,-0.8442005158089634,-1.0756035960645245,-0.7748302869381127,-0.3537617341947794,-1.1026898355608084,-1.008485596358435,1.0412431916947957,0.3331816847010001,-0.29488942970262855
278,65.0,False,-0.11248366974052823,-0.23659172279096338,-0.06717027127169022,-0.5532209663314549,-0.16826543804059693,-0.5597021066217998,-0.21325446701077425,-0.12730458043398452,-0.4060716202557628,-0.7814240416773149,-2.4575635902058073,0.06898363214085088
279,80.0,False,-1.0200429558894677,-0.13103617234680143,-1.2160415750128113,-1.360581123610041,-1.6594214398760339,-1.6470013343880139,-1.3607594744821767,-1.765958271500464,-1.6473476767308368,-1.3373972415282913,3.1000422989145844,1.5268961098463931
280,166.0,False,-0.02328300371824147,-0.32156888061963174,-0.03295727055900815,-0.27834383414552477,-0.46971537926089046,-0.6029577142894221,-0.5268817489524811,-0.23889907364939952,-0.6059177674911932,-0.9755828305996581,-0.698650730461769,0.8122518305619173
281,41.0,True,0.0014054510423616138,1.7316697687367807e-05,1.041849500503342,1.1877736430936678,0.6467205260983224,1.0527054666438864,0.9977470855173446,0.6987478395285829,1.0527054666438858,-0.02169085951373511,-0.7298350527255578,-0.25289920168642466
282,144.0,False,-0.7240535238619499,-1.1083573896373102,-0.6634439735026578,-1.6431079376316229,-1.5848671360659616,-1.6565098492381383,-1.643107937631622,-1.5885522048887757,-1.7487427569670755,0.034727788359190326,0.8611275109037129,0.7259183347369238
283,141.0,False,-0.4491185268304995,-0.5747192493634449,-0.3434998383500851,-0.7052793860120686,-0.6800583518109102,-0.6053964680619702,-0.7052793860120684,-0.5029270135000469,-0.6062549847132662,-0.7443606009308561,-0.03983184143568413,-0.6888972645408504
284,169.0,False,-0.10975424910887954,-0.11878189509328502,-0.02944054081270637,-0.038162121383852735,-0.39969845996059666,0.12452289413838266,-0.5499059842499646,-0.6099228194479694,-0.11340229760032851,-1.2865744667376442,-1.779428618703591,1.4484913866169449
285,67.0,False,-0.2606679731597466,-0.2854861471406528,-0.4575678921371912,-0.2140363164796075,-0.2483679162859185,-0.5553946016123178,-0.21409172276347987,-0.42897137970846944,-0.45479299450616756,1.4223785052484463,0.6269273800926122,0.5494769624409097
