model,metric,value,ci_low,ci_high,n_boot
clinical,calibration_slope,1.6379448957178138,1.378156640594267,2.0159849161087218,1000
clinical,auc_60m,0.7751272522502362,0.7220862477446891,0.8264172532795134,1000
clinical,auc_120m,0.7319306655121544,0.674452696312455,0.7811581525283217,1000
clinical+composition,calibration_slope,0.8458540387719388,0.6533091975964846,1.082850435498999,1000
clinical+composition,auc_60m,0.7802027083972053,0.7279420156142138,0.8287389238465133,1000
clinical+composition,auc_120m,0.7429879281486427,0.6859965872396064,0.7928464553672914,1000
+spatial (z),calibration_slope,0.8050980810408065,0.622229574920378,1.0218178623528729,1000
+spatial (z),auc_60m,0.7759492899722155,0.7261918396695836,0.8225711509393993,1000
+spatial (z),auc_120m,0.7364313168507054,0.6778176737327646,0.7864893871819806,1000
+spatial (log O/E),calibration_slope,0.8189344702538791,0.6348096624109009,1.03586060837531,1000
+spatial (log O/E),auc_60m,0.7774829419758137,0.7278855693894458,0.8250608191085563,1000
+spatial (log O/E),auc_120m,0.7354514964254059,0.6778586068594342,0.7845160692246033,1000
+spatial (residualised),calibration_slope,0.8133392893790559,0.631476340509844,1.0280093143176683,1000
+spatial (residualised),auc_60m,0.7754356694392616,0.7245374839912292,0.822279275405115,1000
+spatial (residualised),auc_120m,0.7355978711906989,0.67838838140817,0.784413699708795,1000
"+spatial (log O/E, CELESTA labels)",calibration_slope,0.8071123967148894,0.6234592411226927,1.0455013324408249,1000
"+spatial (log O/E, CELESTA labels)",auc_60m,0.7725994975524948,0.7209218602661346,0.822200039218846,1000
"+spatial (log O/E, CELESTA labels)",auc_120m,0.7345969074566766,0.6774729631182502,0.7844490528824617,1000
random baseline,calibration_slope,-0.0344137971028286,-0.12608296476446731,0.058429461613074406,1000
random baseline,auc_60m,0.4967576389022132,0.45880137189490755,0.5339396091071732,1000
random baseline,auc_120m,0.4806476380258329,0.44370848860385165,0.5155237733953192,1000
