PID,time,event,clinical|seed0,clinical|seed1,clinical|seed2,clinical+composition|seed0,clinical+composition|seed1,clinical+composition|seed2,+spatial (z)|seed0,+spatial (z)|seed1,+spatial (z)|seed2,+spatial (log O/E)|seed0,+spatial (log O/E)|seed1,+spatial (log O/E)|seed2,random baseline|seed0,random baseline|seed1,random baseline|seed2
MB-0045,164.9,False,-0.19082548128858834,-0.014722806955391549,-0.07588388532133267,-0.9383578764573813,-0.16373529619261573,-2.5205652509690464,-4.001377404723435,0.06734249134112098,-2.016250697130552,-0.3819241217496179,-0.2028736624020061,-1.8864913226645648,0.1257302210933933,0.345584192064786,0.18905338179353307
MB-0079,28.5,True,0.017510499195780994,0.33714179521759036,0.15222745294426213,2.1074354200241725,2.7516812552761842,3.1192379464817828,2.155169262455109,1.7488930514579757,2.355527771581015,1.4552012425836702,4.909612378394654,2.77854313881021,-0.1321048632913019,0.8216181435011584,-0.5227484414807474
MB-0100,8.06666666666667,True,-0.013737843981552193,-0.060825351800350105,-0.07479854123520421,-1.4916941984801932,-0.18704415365807095,0.0033706760365294144,-1.882207432627991,-0.94201399345278,-0.3058014949012932,-6.136082223219919,-2.692468132868512,-1.3925555222229762,0.6404226504432821,0.33043707618338714,-0.41306354339189344
MB-0115,66.7333333333333,True,-0.2899869996639842,-0.3490841173459052,-0.062194684945059975,0.3104583035418976,6.0376739364419505,0.6677496766410129,3.741677531037807,2.9120356472898314,1.510805059854054,-0.42736056809845363,10.810438548794897,15.866645275654204,0.10490011715303971,-1.303157231604361,-2.4414673826398556
MB-0129,38.5666666666667,False,0.3721458916127781,0.02501259123178698,0.1409939729905203,1.010964171323422,0.5498980301310649,1.972506561138929,2.584851996650795,1.8328193270150275,0.5745426383733807,0.8487239989686942,0.5868399934703432,1.8416039051224051,-0.535669373161111,0.9053558666731177,1.799707382720902
MB-0148,1.76666666666667,False,-0.009610181751215066,-0.027782356070608236,-0.07799785946549401,0.04195418275170013,-0.5518749024019887,-0.026012255068749927,0.4629229387837543,-0.3542730359223971,0.07360101208685743,0.428536124639979,-1.6453694100546887,-0.5574839720929691,0.36159505490948474,0.4463745723640113,1.1441658720372287
MB-0149,51.7,False,-0.17116553662881878,-0.13607194418433824,-0.0831591411902272,-0.009141091507139248,1.484648184843109,3.741969700880201,-4.936815835102522,-2.661802587001717,-3.6444937990383175,-0.18523815724814108,-2.0401766480663412,0.5726076466816161,1.3040000451301372,-0.5369532353602852,-0.32542283686782436
MB-0152,63.0333333333333,False,-0.0138070347409448,0.08110592701515934,-0.032725626248822706,0.9843926606054738,-0.5383201548449136,-1.0315486753767384,1.86321112939391,-1.1486850463106468,-1.1743611892277643,0.003047205398152794,0.8838362554665332,-0.27104937418167957,0.9470809631292422,0.5811181041963531,0.7738065867276614
MB-0158,180.0,False,-0.008922539554083394,-0.020632433649919627,-0.04361263684612035,-0.43795108513333264,-1.6445087195896975,-1.5204921702253784,-3.3251374007795875,-1.384196063104093,-1.6777356105933872,-0.9439997460792799,-1.3957868145781798,-1.2098629821842675,-0.7037352358069926,0.36457239618607573,0.28121066979764925
MB-0163,98.1,False,-0.1461221240716868,-0.1509947392137829,-0.1645353218771271,0.27384894453774916,0.7779272430131697,0.22382773601024,-0.8805496897828372,1.6050802339193493,0.11622424984768054,-0.22446273842180894,-1.296687758085148,0.6416565658961456,-1.2654214710460525,0.294132496655526,-0.5538228364240524
MB-0174,78.7666666666667,False,-0.023654747134252335,-0.05633477413545838,-0.018178634795303565,-2.917290902942982,-3.913347227239377,-4.0995180525301675,-4.052586220826677,-4.868061695717368,-1.2982938584089803,-15.071706426313558,-10.002080367584233,-4.7299420852496565,-0.6232744625373522,0.02842224131579679,0.9775674511260357
MB-0188,31.3,True,-0.0288558182154588,-0.33988484354408444,-0.009541717353817897,-1.9880498656305323,-2.604223662433528,-0.0970586659963638,0.10633702154700597,0.30638524663147754,0.0914526896818067,-3.204071655258293,-1.4771308209017326,0.5744422863621084,0.0413259793472436,0.5467129866124469,-0.31055654665915255
MB-0191,15.3,False,-0.024317019922335013,-0.05982090116488628,-0.27524905545807726,-1.8222393838224622,-2.3099010827064035,-4.711378439766709,-2.6340851885184087,-2.5861402744109263,-1.5931656334710125,-5.938708427008756,-4.208193759590033,-4.489224859698431,-2.3250307746388343,-0.7364540870016669,-0.3288239040579627
MB-0200,130.866666666667,True,-0.013029918909310819,-0.02560469759768809,-0.043214984935427705,-0.6670489237266453,2.659953016059674,-0.4438824653867589,-4.336683850202364,-4.723058613149033,-2.3964153185855652,-4.123860375494733,-8.202225343171422,-4.382638572006865,-0.21879166393254573,-0.16290994799305278,-0.7921467553588982
MB-0201,125.7,False,-0.011268402008320369,-0.012022670365303603,0.0023902906940286173,-0.4083726151616864,-0.15724717143227487,0.16209130579700598,0.04807711096438467,0.10149762396483655,1.4211639382711012,0.9688584562167859,0.714426746146266,2.327589719847998,-1.2459109472530652,-0.48211931267997826,0.45495807124085547
MB-0206,141.166666666667,False,0.0009953317469060243,0.02841334540990792,0.08144002417178703,-0.03607034194830116,3.416432319609433,-0.21579867095579272,5.891312817837135,-0.38289395059294107,-1.46165837380199,-0.7974521451016398,1.268500625115442,-2.0371470295385925,-0.7322673547034516,0.5988462126346276,-0.09919805171738795
MB-0211,44.8,True,0.04250505453096067,0.09154191788528813,0.27960400644452593,-0.4598983808281518,-2.4243007971180663,-1.825366528322557,-0.31925258827898645,-6.937541494902329,-0.39798348502940517,-9.288257275854662,-9.339991835885714,-2.2845788587220155,-0.5442589828573099,0.03972210748165899,0.5452887139646817
MB-0220,39.8333333333333,True,0.002677153863181501,-0.012492800823548589,0.006394154544365195,2.6567180970011806,3.545763642340186,1.8142905172500188,4.334887050561023,0.963648214454384,0.19874637158391834,0.964637575216223,3.766433324011774,1.2941119034448032,-0.31630015636915454,-0.2924567509650886,-0.6071856998706371
MB-0221,20.2,True,0.0054987089408401225,-0.0008731871131996468,-0.08302343222975568,0.3928353044270513,-0.23054968135330803,-0.8644537854525769,0.30728439200213065,0.015023333825816687,-0.6301576065856165,-0.1365627079331807,2.799323628473506,0.42399893309756737,0.4116305363741328,-0.7819084623568421,0.12682784711186987
MB-0238,180.0,False,0.013450406018713418,0.023041918630199432,0.11659194066182407,1.745574985762836,0.6558193446696677,1.7048502016738138,4.595919884859693,2.3202230699556936,0.8975208398961436,0.2651001290549903,0.5830106688085965,0.7921042798721816,1.0425133694426776,-0.2571922406188707,-0.8922740434297903
MB-0249,180.0,False,-0.473850519188821,-0.6196490642753606,-0.02712441629114207,-1.3644491780206471,-4.696293724262433,-2.6985618842981096,-4.5339189016122265,-1.2793430353649662,-0.40625113266002616,-0.8730739592997322,-7.0931955753242715,-2.302217172074708,-0.12853466294403426,0.008142180518343508,0.8414649723701431
MB-0269,22.2333333333333,False,-0.0025489732392297232,-0.12473975306071818,-0.0021673792083734718,0.40218708193561975,-0.19105799047298191,1.7647905164887563,2.3578062376829725,0.39610335024683335,0.6419214372020572,4.979026478446575,0.7037047064760359,3.236966930320743,1.3664634705496859,-0.2756029052993704,0.18803508698068597
MB-0278,5.83333333333333,True,0.020950627689589343,0.024569188317102746,0.15518475815075383,1.8330006340831126,0.382079745581741,4.289408719515405,3.537452742093714,2.056908092817573,1.358588456807055,9.267990489194464,0.7469557103361205,2.499393025668292,-0.6651946734866135,1.2940638143982073,0.33057100813532614
MB-0289,71.6,False,-0.39553301630881027,-0.1472995708683327,-0.08693771116739094,-0.5861600019204122,-2.6882244928033834,-0.7077038923353061,-3.336870887216745,-2.4958007895805765,-1.3029822766398917,-0.6249397671155638,-2.9201249882627014,-1.7635427637346899,0.3515100700930197,1.0067243153057943,0.41050391297026284
MB-0292,49.4333333333333,False,0.013300465455204795,0.015268052446117618,0.04819875546528439,1.2777912125658475,-0.03669017891191422,-1.908709808169141,-1.591414003104799,-2.9672206979206077,-0.42879893504592614,-7.47196892903291,-0.5221847567708048,-3.8965711787986312,0.9034701816518086,-2.7111624789659685,-1.0107575001533344
MB-0294,72.9,False,-0.036262418878400864,-0.048968512943397435,-0.5988847491678099,-3.189743133230491,-1.1066655798508693,-3.8472068512520665,-2.963780705914405,-1.4380679890771955,-3.988570555419086,-2.9587629395960913,-1.6480736175529638,-2.0856430501442476,0.09401229776087457,-1.8890132459676727,0.7831809961440773
MB-0314,4.43333333333333,True,0.044279581787406916,0.10560407599254913,0.1389707121253055,2.9013580141217274,6.272757305517786,1.2736055013782577,5.291292412932801,6.1899803881048205,1.7070985149430506,17.09465588704189,14.162109075517122,9.198095772188278,-0.7434992493538084,-0.17477209205516195,2.0567028183423686
MB-0316,180.0,False,-0.01490868856939722,-0.07337727785970126,-0.11811912764496382,-0.3934519001281754,-1.66514275687385,-2.003364438744496,-0.3918353652855041,-1.4424201356598652,-1.4287680282680715,-0.6930524976151502,-0.8524090880005718,-1.296015375401063,-0.9217253762584194,-0.42219041157635356,-1.6384425032355252
MB-0340,164.733333333333,False,-0.014555933556246969,-0.020508594373477972,-0.0749809013755327,1.7651883271730062,-0.6292813463908411,0.0965461416119838,0.5448641378073849,-0.7081156201679831,-0.8168260686168732,3.9159110560276185,-2.6572707515554033,-2.02701523754588,-0.45772582566733916,0.2136429974986111,-1.7294114671544816
MB-0350,46.0666666666667,True,0.07710125053930408,0.014294325344848199,0.2515329119551401,0.3998014515910411,0.31401180251053573,-1.088640466518175,-0.18125776103479424,0.8253645864879191,-0.11076771840228815,-0.8141734566412641,1.391094703294612,-0.24468440577670023,0.2201951234700494,0.21732193102256359,-1.50483141386432
MB-0352,55.2,True,-0.029024273717811824,-0.03810441658736008,-0.027230764146003106,0.28236685919158694,-1.009042069548951,-0.7487781703105054,7.310734701810185,-0.905522171479892,-0.009470206813605284,-0.026127623591716158,-1.4089875284197575,-0.412237203607609,-1.009618183538736,2.1178387550510482,0.8414588934539998
MB-0354,11.6,True,-0.015176324051101947,-0.07098767553520682,-0.12708221293748975,0.27824070646891697,-0.2860942764255752,-0.8489620781366587,0.2042346767803765,0.6155024187309993,0.14679791441050438,-0.975583726510836,-0.24194525573031223,-0.12682129560414607,-0.20917557487171307,-1.1120207626922813,0.12871565747406846
MB-0361,15.0666666666667,False,0.5790199296593546,0.26304609702741494,0.13491280906617154,1.4414398475023475,0.8364442563915848,1.5824026358758214,1.729204037273283,1.7347714664858056,1.842166724234981,1.0645461846854025,0.2773755027388908,-1.3381280503635917,-0.15922500991447772,-0.37760500712699807,1.078342440739298
MB-0372,62.7666666666667,True,-0.3732486149611291,-0.10726901112369776,-0.07834340500226343,-1.6726677790956435,-1.727452681207613,-1.1183226659633292,-2.8933013346653587,-0.29057660922432305,-0.3871143807278805,-0.7605021234433929,1.1455893339595222,4.288314615853816,0.5408455846858077,2.0427716074923303,0.722430872307499
MB-0378,97.3,True,0.04836567044521464,0.02216121164545893,0.018542874369403335,0.20416317755320093,-0.36922554098369126,-0.21114083507120246,-1.3975636736194919,-3.092857850870564,-0.15030424236533363,-1.9787191354652203,-6.655215538470637,-2.480563214028211,0.2146591225063409,0.6467029962018469,0.21057181237528058
MB-0390,72.2,True,0.008080894371809923,0.41074107204815136,0.05663579904752726,2.2681779860045213,0.945273405658965,0.3577360526250046,3.593594779838599,1.2253533226795423,0.613805183270421,7.146657247009175,1.649439932429956,0.8353568319599631,0.3553727090399214,0.6630633723762617,0.28403814525037085
MB-0391,142.466666666667,False,0.8616928092486071,1.413777410792657,0.8212423745435016,1.8383765941656447,0.9164456259540765,1.6249314794045187,2.2823548113731857,1.5700186965884615,1.5776731991847102,1.564659323468937,-0.5700544449908908,1.4538260621044623,-0.6538286094183394,-0.5140063716874629,-0.16976049772313542
MB-0395,29.0,True,0.02722044637151378,0.9673386477074863,0.03081080856628963,1.8404573342551094,3.9717914842350788,2.1274287653599493,2.450936375977828,2.425154123087998,2.087156728850809,1.276296363237415,4.834435580246008,1.0396897879609899,-0.12961363369276946,-1.6480751708556527,0.8684602112115102
MB-0396,60.6666666666667,False,-0.05535409378583171,-0.0269231583217299,-0.1817182850687563,-0.3311642827005222,-0.30889488077073896,-0.9789168475771866,-0.18357479846235542,0.16603159839189477,0.7713660463352893,1.301586713550429,0.7000234447570346,2.8833379518895037,0.7839754700613295,0.16746474422274113,-1.1297159617807548
MB-0399,137.1,False,0.11254043135721167,0.21742898552589532,0.6750690317278544,-1.2861595439969513,-0.41611701311589827,0.5522765730838635,-2.2073560946952275,0.3540181698276684,2.0627393376977623,-1.2914073061466274,0.7661939181873166,2.271954654649424,1.4934311452207607,0.10901408782154753,-0.4218588261783162
MB-0400,22.4666666666667,True,-0.41673463890860285,-0.035205203073546056,-0.2174078096597322,-0.38377722068985837,-0.623335972057504,-0.1658221699583314,1.9690567717748704,-0.20673364226823124,0.29874851497228005,-0.7066692421625329,0.015862363261725212,0.9639234103137319,-1.2590655321041202,-1.2273520542445742,0.2429388530987352
MB-0401,26.2666666666667,True,-0.024682723470469552,-0.03147588989405904,-0.3083930887430206,1.2429713838606709,-0.37611498399151455,1.3083001895697748,2.0801232898928967,-0.4068478195870928,1.3241958141797074,-3.095299713300585,-1.942053923368577,-1.1228044642748567,1.5139237747390626,-0.6832266617805622,1.8014208584493328
MB-0414,76.6333333333333,False,-0.024335429275429022,-0.4585358844879308,-0.08325806692949521,1.0445986461961128,8.296145827322235,0.8026107108213874,2.172279768985154,1.7825755100638871,0.4935819476963927,0.5163982154159222,6.555504442184912,-1.8479790596895114,1.3458754237823045,-0.07204367972722743,-0.7644641157203993
MB-0436,75.5,False,-0.10046830422894598,-0.04082077730607001,-0.34062276064627856,-0.4670587038150507,-1.1456398862361779,-1.723649199000304,0.23533897715284047,-1.3525128370864532,-1.788111814822193,0.15969945752373566,-1.9302335003885125,-1.9701035398528495,0.7813114007004275,-0.9447516230607774,-1.0790604591369424
MB-0438,135.166666666667,False,0.21441175534619705,0.07537650882263656,0.08528828013667777,1.037533367595025,1.8432877174863191,2.51921521302872,2.219842174299789,-0.6100792682712222,-1.2724331792736263,0.5192498220547118,0.30418028397417224,0.2549304474185457,0.2644556303293035,-0.09826996785221727,-0.5632871985040379
MB-0446,72.2666666666667,False,-0.01818322339701415,-0.055736395397528095,-0.0707721376869531,-3.0656879642393493,-4.331045216878886,-0.9882578627837443,-2.310933366256586,-4.243641542024826,-0.4929266517261399,-1.7610677840750095,-3.1252978624704353,4.750335333470536,-0.3139228145364278,0.09548302746945433,0.9692722011381628
MB-0453,43.1333333333333,True,0.20727459888015645,0.19565394861762242,0.9372608716779558,4.485981255089838,4.077937541141421,4.557511252716961,2.8611558183740207,-0.6489965111144698,3.4068331913885253,3.5449169939844696,3.733393617741177,4.094235883088852,1.4580206835369587,0.03558623705548571,-0.23500550689182578
MB-0462,132.766666666667,False,-0.010430202610223918,-0.042579939751988344,-0.0030699804174296776,-0.05200089460358125,0.840248203234113,-0.3282617414430632,4.4617987371421775,1.9933729238221307,0.03840288032994404,-0.02414369331481824,4.354153974832544,0.27841673597070155,1.9602583164499647,-0.5062916583143148,1.324347019236957
MB-0464,39.3,True,0.07520090443217349,0.020790230244244052,0.061874295481508204,0.1002356869068935,1.0360611532413035,3.3763370386945954,-3.8671031590195333,-2.732071056587748,-0.4524259515933827,-0.045910673342009344,0.8328626024936794,-0.2625383352015011,1.801634869866125,0.5937480717858228,-1.872529517606024
MB-0467,105.6,True,-0.031429984846273906,-0.018259404578227115,-0.02843421385822123,0.18729457344996625,-0.5326081811196741,0.0022534310658431076,-0.7596227334440585,-1.023977311173608,-0.28005088951608365,-0.44205206331553515,-0.9501326799945551,-3.8835723674459057,1.31510376473437,0.8911669542823284,1.128523141900478
MB-0470,88.2333333333333,False,-0.43309831450194497,-0.0629306907123943,-0.24276167326881776,-1.2474430730182189,-1.4265033312823319,-0.7238467297297705,-1.0470937108288547,-1.7912963291780206,-1.8783175318114937,-1.2203874751098387,-2.1483713033154332,-3.1967677105598553,0.357380410658956,0.3208483045665637,1.0348662399295387
MB-0479,132.766666666667,False,-0.0040887298750126415,0.010148243917841276,0.0013013746723769815,-2.4075465312468896,-2.493851744921766,-0.3016977771168328,-1.3630854843238733,-1.572629623678007,-0.43715587947115664,-2.218110690005154,-2.4689772543309894,1.4100070879866147,-1.2083186322821715,-0.818230227390307,-1.4186656898014849
MB-0481,36.4,True,-0.37970753199971147,-0.02678336587169963,-0.23124704367205645,-0.7067771548142159,-0.08760687925086082,-0.5369425933148131,-1.6289713413602065,-0.7168424105267623,0.2763724519111339,-0.6667283002687576,-0.03149129801484819,0.34768136129605276,-0.004454133120083229,0.7316522837854408,0.15358188653595775
MB-0482,24.8666666666667,True,0.0032846681371347507,0.0060700300055617435,-0.0030667839636364658,1.9949286374737043,0.11172721971812248,1.3464714227217995,9.903516928266509,4.338752114358083,3.062850747411316,1.126437124914277,0.11099800798597251,0.9689496565489543,0.6564749350763358,-0.5014400184670523,1.2157576351945363
MB-0494,36.6333333333333,True,0.09731642986513411,0.18553316956176757,0.22680216150493057,1.2228181434030068,1.0301185592558053,0.912574464244678,2.1551925855959864,2.547491802498591,3.1435348812834563,3.931961873244116,3.068281931566939,3.2175180499872282,-1.2883614637495544,0.8791606182879853,0.08791904230952238
MB-0495,71.8,True,0.007970047879350572,-0.06006140208316435,0.00010714098297839002,1.5471639854588233,-1.2148115129539805,0.1982980637334534,0.20882919467895578,0.05370976281232081,0.3572654142210958,-0.46338162516619263,-4.819009620299428,-1.9437949201521532,0.39512206018200824,-1.0717874168774442,0.99970142215178
MB-0502,82.1,False,0.03723765114444783,0.028876969290390353,0.01014365949038238,-2.30831061345615,-4.003972459498638,-3.686994025705158,-6.388385976697561,-5.489280454219601,-0.8717815653267635,-4.613750803940786,-13.342804034250669,-6.862994506106114,0.42986369482223,0.9144672031287812,2.3748869133171437
MB-0525,65.8666666666667,False,-0.015170538667585796,-0.027646681543175903,-0.06535609761443151,-1.4176354207285085,-0.4397610643979309,-0.9101204506005,-0.12435400061373741,-0.20305082191658455,-0.08471361466254936,-2.371500873905574,-0.21766529329817785,-4.7120085666570795,0.6960427239628685,-0.02006345461548042,0.2739322545923299
MB-0581,7.86666666666667,True,0.18210594516758183,0.022849845860635206,0.00806557539961096,0.4628753207104977,0.5448276585128832,0.9346831970265075,6.2083610787938275,5.9641324832304266,0.9081523278122408,0.21939385522585544,0.8201677676176696,1.6064151755880847,-1.184117966757189,-1.2487488903344155,-0.2803823139429379
MB-0582,15.5333333333333,False,-0.057590800555894474,-0.11867828406101374,-0.18502579959540333,2.3354661173037576,1.9075586689533037,1.3991039020624625,1.785553130438363,0.3687582747004641,0.34346827456566065,1.426837812407174,0.8246170391815245,0.22871841423941844,-0.6617025720390349,-0.31389947196684775,-0.7710521598195307
MB-0588,119.733333333333,False,-0.03243692663013019,-0.07683395171010116,-0.26080863450344305,-5.15524759277928,-4.936416228713244,-6.8600120481197076,-6.376100032798926,-3.735268146246919,-1.945722951578786,-2.580227661816536,-5.94226584552195,-5.248819496271637,-0.43643524714322124,0.05410227877154389,0.6480646015444852
MB-0593,34.6666666666667,True,0.04413416134382832,0.4422704095639687,0.9626570064846993,-2.590488742751955,1.2356779851891864,-0.003579659132056823,-0.9748147384321759,1.057058319632303,-0.4307532949558991,-2.717173540634943,2.6049695729964415,0.6719681969388652,-1.169801907772864,0.27279133916445375,-0.19673006635772372
MB-0608,63.9666666666667,False,0.0070842862374545,0.00873224532790961,0.0019075042450067978,-5.305305731411093,-0.09765589369157122,-5.928069684591037,-3.5335957954380426,-2.1693314696946486,-1.0853829774657855,-7.073510853959536,0.06396705189266615,-4.081088284209856,1.739367877130134,-0.9821881249409777,-0.17874637079406783
MB-0613,48.8,False,0.10209304520928685,0.01874290531608825,-0.00023112401371280789,-0.40693299320474396,-3.4771994241911064,-7.9307505284538875,-2.8699697922116143,0.3343778138958985,-1.348716934299911,-0.08568301309725732,-1.2415570896652586,-2.2486690182037545,-0.4959107284421519,-1.107373047165193,-0.1052597784150319
MB-0627,0.766666666666667,False,-0.01988762007817253,-0.11818893606424831,-0.2237681965207271,-6.813458061752241,-5.517029026899181,-7.476194099357012,-4.72871186668868,-3.1417663383901755,-2.5108993308155143,-7.644101649389583,-6.258998905596193,-5.264224635129952,0.3289696294602021,0.19958453284708083,0.6498696525854939
MB-0643,19.7333333333333,False,0.06893025380136678,0.3646145177829841,0.06314012704028184,1.948218928831958,1.5606163940168751,1.852440677474367,-0.753813535317398,0.34140952698744553,-0.17026730166248022,-12.386317639028722,-1.7189222320865603,-1.5045132172120885,-0.258572545473924,-0.46674961687980204,-1.0663396121649127
MB-0653,24.8,True,-0.11534478322993465,-0.010335890876714977,-0.022492749033932044,0.4880200200551464,-0.3423170839805077,0.1309757579112833,7.052284545591386,-0.31448418686489044,0.9302488739245519,-0.2695075968696591,-0.5974059882462371,8.5051921428391,1.5834728788021222,0.23550561173022522,-1.5298764906705564
MB-0659,23.3333333333333,True,-0.04402679027645333,-0.028992456258274762,-0.279247488234801,-5.1892183097834295,-0.7503580761461242,-1.9695611718923791,-3.2853855695659804,-0.8011036909925616,-1.018481882907288,-1.840843921239402,-0.207666900921271,-0.03779933416393896,1.3203609870818391,0.7595195224783792,-2.4338766971489387
MB-0660,18.9333333333333,True,1.8315279849311887,2.734485540147748,0.12412457323293578,3.3574820392559728,11.024978054362869,7.837228560996915,11.934204189166428,3.1406209824440947,2.991779253502592,3.1689066893880797,17.626571303290323,6.198506281607046,0.6333526228249152,-1.6487873663509485,1.1986708993900783
MB-0664,11.0666666666667,True,0.06248198186166514,1.3200265939428322,0.05923733546479416,4.019293660252992,7.185815592689474,5.135099188207236,5.842090267504025,2.2050271050832864,2.133136092340444,2.287227937678579,10.394851891988395,3.618191421366887,-2.2035098806466507,0.2543881165176173,0.07379335958326627
MB-0869,112.4,False,-0.019644385317959527,-0.025635615077118312,-0.014196143901635778,-0.95253878318087,-0.32678766091883854,-1.678475349484863,-1.4196146873501008,-0.69246067575993,-1.0219152504966422,-7.885589467272325,-1.1904582452388452,-2.8407226468616007,0.05202897425988651,1.2246469675357323,1.5101194131223459
MB-0893,175.633333333333,False,-0.01061619853500272,-0.10187707508457956,-0.037101934073108384,0.9170598255394973,-0.6910985494495288,3.6842109728123393,-0.1129659657447682,-0.6137025698114755,-0.1654886675620505,0.19443201727805398,-2.1974966516285726,2.1447110185105203,0.6836861907765345,-0.2975268443704732,-0.00895629811039896
MB-0901,136.166666666667,False,-0.0016016994621062385,-0.0021270146722547883,-0.013883644209077277,-0.27271741297857266,-1.4690058904187873,1.166761763140232,-0.2829310462883902,-3.0192819699005398,0.13580336325057413,-1.6405805396036812,-5.030927061074416,1.4227868086933586,1.0039615758421696,-0.8108145832375699,-0.7421554551991772
MB-0906,63.8666666666667,False,-0.017857248352997894,-0.0275846901816073,-0.06654520139015589,-2.061488263598479,-0.7565255989530959,-1.0908876693265348,-4.482150895759536,-0.9898429844130999,-1.6833389065671438,-2.144509611950115,-1.1932862044556611,-3.8719149333471443,-0.6179070447076008,0.7522438271795928,0.477929298799656
MB-2513,59.7,True,-0.043853411698789854,-0.02582886773196097,-0.052205646687097956,-1.1164664356004521,-0.7697800209518283,-0.17025027315264668,-2.7743273489849845,1.789538275042712,-0.8031550213151706,-3.6317779331201914,-0.9967787420743729,4.501653489685012,1.8220113633283233,0.25344651620814146,-0.07658841293719656
MB-2556,180.0,False,-0.038894317087395235,-0.04289565264287517,-0.12204125065581732,-2.6923298740568105,1.504486499199674,0.6178018195689988,-1.947671481373182,-0.19980858524686387,-0.511913682969565,-0.6478488806456799,4.587215598951755,-0.21565783158625026,-1.3204309700132935,0.8958830707775604,-1.2541866619736308
MB-2718,180.0,False,-0.07087829675058535,-0.08388322709898205,-0.1580835752975992,1.7077657414701277,2.929009439839971,3.7003394925462096,1.163108484224375,0.9186498238481372,0.5653106184445299,0.888969215278662,1.3550299899247658,1.1486905616598706,-0.6615280218152191,-0.3452157100512797,-0.885066581450772
MB-2742,24.9,True,0.0018916430345513376,0.0031455281139605995,-0.005134981026655841,-0.7489671675487797,0.0986916016189555,-1.2495167276299912,-2.0460430687833004,-1.5150673762555786,-2.938458553958377,-0.8503580308786397,0.06427920676879231,-1.729371458427608,0.9350499881140221,-1.4818182737222112,1.766779317484588
MB-2758,35.0,True,0.6542728681477017,0.2665089204601852,0.34096273963150614,1.6457620829742177,1.3311918809024261,1.7455208027230744,2.668026674587137,0.4459048193618843,-0.1003952062529851,1.3284387368793218,1.2161279505210179,0.1786404078245502,0.049054613825311656,-0.11001076471125099,0.3543505953235256
MB-2771,44.8333333333333,True,-0.023151555037790452,-0.0353572870440782,-0.2608207202740726,3.2161441019637005,-0.4880452115143024,2.2396585226751555,2.1171954844788208,-0.3703131988501933,-0.3105407461456226,4.261161461869492,0.27631660451987683,0.9886251151720545,2.002392583645255,-0.4458281530112322,0.4163865350301778
MB-2834,153.833333333333,False,-0.3226149486112603,-0.03087221927417316,-0.1015618972518711,-0.6568496172821677,-0.5057015395583138,-0.12186427449427888,1.1343904362723032,-2.4890404126529084,-0.5503409174615388,-0.8167009929065596,-0.4259417451782081,0.1449676784434625,0.18851919251246557,0.7753238220475741,-0.27655171832101155
MB-2847,39.5333333333333,True,0.040619948199893494,0.27476871708793393,0.0453852669089438,4.0157940639906435,1.6885775650759058,3.4722342067146843,2.8813041070727374,1.2869923652620865,2.426291967804356,6.768656661374576,3.2017793216986177,5.6749923485177876,-0.6331940901922267,0.1936328483771538,-0.6897195637660919
MB-2849,43.2,True,-0.022373240653881847,-0.022414245864077396,-0.016927204502986053,0.48635519349936307,-0.28580236511726126,1.3913479372572823,-0.5241772330226825,-0.2934623359598144,-0.81034353518427,3.6079184548123338,-0.22740664861161602,-0.13991078778084345,-0.37756350523280824,-1.6308492324351012,0.8916558155709342
MB-2857,180.0,False,-0.008566268555209193,-0.004201047462988288,-0.04788217553954216,0.2442143701708232,-0.05957594260588315,0.39728417119988635,-8.410306724882895,-3.7066640399589588,-1.6968508495981112,-0.7034477865622902,-0.016387361417150526,-0.5225688783061017,-1.0911461176191954,-1.1951630801031998,-0.10462645267369168
MB-2904,125.6,True,-0.01032098303199068,0.012319593765433377,-0.03509137113054119,-1.3061857987215526,-1.8870034611611382,-3.0248279295832665,-2.398556396972448,-1.658430212829237,-1.913980609143049,-3.882604861996844,-2.3248224056340723,-3.598338264239089,-1.277680166386608,0.8837890365872553,-0.7591081117479301
MB-2922,14.4,True,0.006024010557122754,0.06903053998512793,0.023272656474285187,-1.4470643220217352,-2.084898619307813,-0.04366559393377262,-2.7752237655202108,-0.06778570288438801,-0.053205489389229844,-0.8240477494378182,1.0463938772895167,2.6347781695580856,0.6304114907682319,0.6797650174178466,-0.13412851934954786
MB-2923,14.1,True,0.041343459475580595,0.23569689493967527,0.12235382923241096,1.2135917564172989,-0.03054680937639229,0.5255207239086234,1.9289800759038553,0.39242496986874587,0.7614012961850867,2.229808776149284,-0.4527724874905322,-1.6886097058186467,0.5811658124128057,-0.6402433659084887,-0.9056060167223513
MB-2929,180.0,False,-0.03628665668665568,-0.027922550514502077,-0.09207174197993459,-4.294522792307822,-0.6229324937867342,-0.731419302004322,-2.1754400920227543,-0.8901817431007679,-0.7901827344312187,-5.872227786331191,-0.9600835695574345,-3.113131781917725,1.294558819441117,-0.001048796567280681,0.19004583859111193
MB-2957,180.0,False,0.0034829018586530367,0.005954108375329406,0.030193599734009965,0.9127842856008392,0.8675135097765329,2.0453111102734916,1.3789455704824154,2.0735464930940357,0.5786248898220983,0.2714137298960626,0.906222658173613,0.9255164684975584,-0.7546057912599311,0.4455735537761861,1.12922763006904
MB-2993,180.0,False,-0.022571149908674988,-0.0671421216502415,-0.02225354789096875,1.5371275540873455,-0.2643514457356921,1.1477262860039403,1.5447115967520366,-0.9160468456806782,0.2656799409951672,1.3342028344308243,0.14087981979256678,0.046282638321800594,1.689107452443673,0.4684043358472779,-0.8360851661432465
MB-3218,180.0,False,-0.004085564879013877,-0.008332061344464728,-0.0948096951553842,0.24939334096398702,0.34045707815253495,1.520288381187379,0.24909770202851383,0.8581987167338437,1.6656890133682005,1.7964406016499954,0.39518102100514396,1.1305246132540767,-0.2873877078086663,0.8762421961143501,1.428544005170784
MB-3292,180.0,False,-0.02499821032426244,-0.07097033427105534,-0.023050971115323435,-4.402210055441754,-3.7390258901675413,-3.4784391246272732,-12.714702831188994,-5.643262074700472,-2.3256355010232,-2.8080582583145333,-6.896898867080886,-5.271877204322338,1.5744082788445868,0.256485627221562,-0.6676199486614574
MB-3329,37.9666666666667,True,-0.006970032234152346,-0.012417627447233655,0.0010049326782355077,0.24344252463821164,-0.5135012813713169,-0.3772861721542517,5.288809140661221,1.1217662134069477,0.5051607882814227,-0.6981948857924585,-1.027929471246611,1.434702417719251,-0.4327858471825968,-0.09482833896849817,0.15341216272393984
MB-3355,109.0,False,0.03115444651174864,0.03112265080481455,0.095074594402732,4.248746144164943,1.219131458365048,2.048167393654559,4.1265910981717395,2.820955992487896,2.1786633940416857,7.079341200684072,1.4411543532725366,4.505333269516639,-0.735483292342275,-0.25884806478784556,-0.8363865253041882
MB-3386,55.6333333333333,True,0.017420970391137155,0.021967879872850364,0.17456034936309606,1.8591752869879523,0.5640682866614429,1.5754489745544396,0.41703632357123793,2.4512806277105605,1.218791958079202,0.12483923979278712,0.5985320006223892,0.3906237064894649,0.24978537155866684,1.0557428005332512,-0.22223516635433505
MB-3395,180.0,False,-0.08342096758038364,-0.029734482790247107,-0.22138459847636263,-2.1613809608210297,-0.38413711161825087,-2.8128059320802943,-3.8503777065746223,-2.8347595656968876,-1.7139942128536527,-2.1406534827508814,-0.39115304341801477,-0.8320628291448271,1.0314530848694723,-2.2508542750785376,0.047404412494126226
MB-3435,25.4333333333333,True,0.015131710732963117,0.03238021700335707,0.12542731755669495,0.7752293068659282,0.12393372734135262,0.7294055261432788,0.9795320842721554,1.343549901806496,0.35145400398932974,1.0340343928791724,0.1617110906829676,0.7487834870960395,0.16100957671534466,-0.13865532509133732,-0.4346849461734271
MB-3453,32.8333333333333,True,0.008596662566870188,0.007210594977070351,0.07839392054256213,0.6718659070454566,0.2061088758665059,1.0169761088849658,2.061373976688845,0.9437004189619286,1.9861899506413707,3.4061722351443806,-0.5925737003783328,2.4479928267897093,-0.5855288241233366,0.03300010398406011,-0.7028878955725052
MB-3467,38.8,True,0.07621748417139897,0.023421576787071165,0.21311588289807704,0.8183376272641849,0.8296822118124065,0.09704089926423445,-1.3204509281870458,1.110310556407798,0.19553398770004732,2.197385566135327,1.1603455288751805,1.6899545350072775,-1.341219714076669,-1.4253489608701877,-0.6778861906636612
MB-3502,180.0,False,-0.00501037176251329,-0.0012943596121668811,-0.017779813404469484,2.0933305356253187,0.3062429343203937,0.39580063678331784,3.285803301624038,1.074523183235543,0.7130470507672866,0.8971843087903976,0.3436089733875556,-1.9085328883835473,-1.401520214917428,0.33281361313804664,-0.8211599492508597
MB-3528,113.666666666667,False,-0.004074591035860662,-0.011780596624000815,0.00173087754702975,0.3897047804864854,-0.4161334992570558,-0.4314063453821713,4.92371184700986,2.5318742443319833,1.637708310085358,0.6001821327869923,-0.27903890818098137,2.132295405622586,0.5026828498748657,-0.651281012443394,-1.570079992924429
MB-3567,180.0,False,-0.06008837761683326,-0.05306353406582669,-0.15707909150715066,-0.46626000974926013,0.1578702114640607,-0.2977968885018875,1.0730552819378187,0.7485116422095769,0.27500093874748993,-0.6450791683559919,-0.9994280221647821,-0.4441013320147451,0.989713033285805,0.8624447963157468,-0.2629696110774594
MB-3606,110.633333333333,False,0.03129355641023166,0.585985488320072,0.03006691906303776,-0.07090211149571456,1.572985280989407,0.16030217280684103,-0.04246289519155109,0.29019654845716397,-0.7076686717994226,1.2719762614326138,3.3095443448354174,-0.8135657641057571,-0.1642945926252907,-0.1255920840343272,0.4011582096101373
MB-3702,180.0,False,-0.01705462522701951,-0.48908475956492026,-0.16954525085520694,-2.005985121949088,-3.572183476297762,-4.18157464474128,-0.394222919276534,0.5571111319600406,-0.30232732588503686,-6.120429340384357,-3.5032631985237157,-2.095747434695622,-1.0743648582284346,0.6691532407894528,0.9084019250927495
MB-3752,75.3333333333333,True,-0.026661859593177673,-0.03543502428599282,-0.2459193201060197,0.690756785737551,-0.6702304489437726,-0.31412327682560476,-1.5453807814914473,-1.0852997381599954,-1.2860373577181499,0.5268532038818148,-1.2276719842236101,-0.49053733766488145,0.8730421526217066,1.2188436051712233,0.6471027285461044
MB-3978,100.866666666667,True,-0.015290332456117326,-0.049083709104223994,-0.13588571823163903,0.18290176790677123,-2.4622580977922954,-1.2847321614578633,1.379382436923683,-0.22782928452591505,-0.4051789261385048,1.8967624253382553,-3.306455990322676,0.16788325148875388,-1.2803939447145731,0.3829295827134724,2.457336522342424
