seed,model,base,cindex,cindex_base,delta
0,+spatial (z),clinical+composition,0.7012999071494893,0.700411195118716,0.000888712030773342
0,+spatial (log O/E),clinical+composition,0.7025202281469691,0.700411195118716,0.00210903302825316
0,+spatial (residualised),clinical+composition,0.7024539063536278,0.700411195118716,0.0020427112349118426
0,"+spatial (log O/E, CELESTA labels)",clinical+composition,0.697997081841093,0.700411195118716,-0.0024141132776229757
1,+spatial (z),clinical+composition,0.6878763761772119,0.6880355484812309,-0.0001591723040190729
1,+spatial (log O/E),clinical+composition,0.6920811778750497,0.6880355484812309,0.004045629393818806
1,+spatial (residualised),clinical+composition,0.6904629261175222,0.6880355484812309,0.0024273776362913058
1,"+spatial (log O/E, CELESTA labels)",clinical+composition,0.6901313171508158,0.6880355484812309,0.00209576866958483
2,+spatial (z),clinical+composition,0.7006764822920811,0.7014988725295132,-0.0008223902374320247
2,+spatial (log O/E),clinical+composition,0.6997347128266348,0.7014988725295132,-0.001764159702878354
2,+spatial (residualised),clinical+composition,0.7030508024936994,0.7014988725295132,0.0015519299641862938
2,"+spatial (log O/E, CELESTA labels)",clinical+composition,0.701843745854888,0.7014988725295132,0.00034487332537480597
3,+spatial (z),clinical+composition,0.7020161825175752,0.7020957686695848,-7.958615200953645e-05
3,+spatial (log O/E),clinical+composition,0.7009019763894415,0.7020957686695848,-0.0011937922801432688
3,+spatial (residualised),clinical+composition,0.7007825971614272,0.7020957686695848,-0.0013131715081575734
3,"+spatial (log O/E, CELESTA labels)",clinical+composition,0.6998142989786443,0.7020957686695848,-0.002281469690940452
4,+spatial (z),clinical+composition,0.7001857010213556,0.6942432683379759,0.005942432683379684
4,+spatial (log O/E),clinical+composition,0.6987398859265155,0.6942432683379759,0.0044966175885395865
4,+spatial (residualised),clinical+composition,0.6990317018172172,0.6942432683379759,0.004788433479241294
4,"+spatial (log O/E, CELESTA labels)",clinical+composition,0.6974134500596896,0.6942432683379759,0.003170181721713683
5,+spatial (z),clinical+composition,0.6983419551664677,0.6951983021620904,0.003143653004377245
5,+spatial (log O/E),clinical+composition,0.6989786443825441,0.6951983021620904,0.0037803422204536474
5,+spatial (residualised),clinical+composition,0.6997347128266348,0.6951983021620904,0.004536410664544355
5,"+spatial (log O/E, CELESTA labels)",clinical+composition,0.6988857938718663,0.6951983021620904,0.003687491709775892
6,+spatial (z),clinical+composition,0.7097227749038334,0.7102533492505637,-0.000530574346730317
6,+spatial (log O/E),clinical+composition,0.7094442233718,0.7102533492505637,-0.0008091258787636946
6,+spatial (residualised),clinical+composition,0.709550338241146,0.7102533492505637,-0.00070301100941772
6,"+spatial (log O/E, CELESTA labels)",clinical+composition,0.708727948003714,0.7102533492505637,-0.0015254012468497447
7,+spatial (z),clinical+composition,0.7000795861520096,0.7012733784321528,-0.0011937922801431577
7,+spatial (log O/E),clinical+composition,0.6997214484679666,0.7012733784321528,-0.0015519299641861828
7,+spatial (residualised),clinical+composition,0.6997745059026396,0.7012733784321528,-0.0014988725295131955
7,"+spatial (log O/E, CELESTA labels)",clinical+composition,0.7009682981827828,0.7012733784321528,-0.0003050802493699267
8,+spatial (z),clinical+composition,0.7007958615200955,0.6985939779811646,0.0022018835389309155
8,+spatial (log O/E),clinical+composition,0.6995490118052792,0.6985939779811646,0.0009550338241145484
8,+spatial (residualised),clinical+composition,0.7016978379095371,0.6985939779811646,0.0031038599283724766
8,"+spatial (log O/E, CELESTA labels)",clinical+composition,0.6971348985276562,0.6985939779811646,-0.0014590794535084273
9,+spatial (z),clinical+composition,0.7026263430163152,0.7066852367688022,-0.004058893752487025
9,+spatial (log O/E),clinical+composition,0.702307998408277,0.7066852367688022,-0.004377238360525282
9,+spatial (residualised),clinical+composition,0.6998673564133174,0.7066852367688022,-0.006817880355484807
9,"+spatial (log O/E, CELESTA labels)",clinical+composition,0.7083963390370076,0.7066852367688022,0.0017111022682053667
